Count,Avg (ms),P50 (ms),P95 (ms),P99 (ms),Max (ms)
341,7.404443783319591,7.239083992317319,11.72475004568696,12.027374608442187,14.441750012338161
1023,129.758977955656,125.3997921012342,217.6584869350791,238.77926910296082,270.18504124134787
Public Millions burst (5k ASGI replay),16.262588748626875,15.490958467125893,29.1125687683234,36.2453304836527,42.69779101014137
