monitor,threshold,start_position,feature_index,score
psi,0.12001239829542137,1,0,0.5220417889488368
psi,0.12001239829542137,1,1,0.5220417889488368
psi,0.12001239829542137,1,2,0.27072224264950906
psi,0.12001239829542137,1,3,1.1552062866716817
psi,0.12001239829542137,1,4,0.012576074149468213
psi,0.12001239829542137,1,5,0.012576074149468213
psi,0.12001239829542137,1,6,2.2483295693547936
psi,0.12001239829542137,1,7,0.02076606808107063
psi,0.12001239829542137,1,8,0.03926192404963921
psi,0.12001239829542137,1,9,0.012576074149468213
psi,0.12001239829542137,1,10,0.4911051205523918
psi,0.12001239829542137,1,11,0.012576074149468213
psi,0.12001239829542137,1,12,0.3857576063097812
psi,0.12001239829542137,1,13,0.39512167915844715
psi,0.12001239829542137,1,14,3.3304527206089496
psi,0.12001239829542137,1,15,0.04001633309522376
psi,0.12001239829542137,1,16,0.11886467540663306
psi,0.12001239829542137,1,17,0.2898701104186693
psi,0.12001239829542137,1,18,0.3272712337144642
psi,0.12001239829542137,1,19,0.012576074149468213
psi,0.12001239829542137,1,20,5.8347912565135776
psi,0.12001239829542137,1,21,0.012576074149468213
psi,0.12001239829542137,1,22,0.012576074149468213
psi,0.12001239829542137,1,23,0.012576074149468213
psi,0.12001239829542137,1,24,0.012576074149468213
psi,0.12001239829542137,1,25,3.307347351761646
psi,0.12001239829542137,65,0,0.408197600478932
psi,0.12001239829542137,65,1,0.408197600478932
psi,0.12001239829542137,65,2,0.21617939941505604
psi,0.12001239829542137,65,3,1.1552062866716817
psi,0.12001239829542137,65,4,0.012576074149468213
psi,0.12001239829542137,65,5,0.012576074149468213
psi,0.12001239829542137,65,6,1.8564167286439088
psi,0.12001239829542137,65,7,0.018435072110542808
psi,0.12001239829542137,65,8,0.09955755015803154
psi,0.12001239829542137,65,9,0.012576074149468213
psi,0.12001239829542137,65,10,0.4911051205523918
psi,0.12001239829542137,65,11,0.012576074149468213
psi,0.12001239829542137,65,12,0.32722755779157225
psi,0.12001239829542137,65,13,0.3652809284685623
psi,0.12001239829542137,65,14,2.648081912913307
psi,0.12001239829542137,65,15,0.03714618857087193
psi,0.12001239829542137,65,16,0.08538566661269904
psi,0.12001239829542137,65,17,0.22010084327490023
psi,0.12001239829542137,65,18,0.205841319420294
psi,0.12001239829542137,65,19,0.012576074149468213
psi,0.12001239829542137,65,20,5.8347912565135776
psi,0.12001239829542137,65,21,0.012576074149468213
psi,0.12001239829542137,65,22,0.012576074149468213
psi,0.12001239829542137,65,23,0.012576074149468213
psi,0.12001239829542137,65,24,0.012576074149468213
psi,0.12001239829542137,65,25,3.2989649989099767
psi,0.12001239829542137,129,0,0.5279177794585177
psi,0.12001239829542137,129,1,0.5279177794585177
psi,0.12001239829542137,129,2,0.3348554356677984
psi,0.12001239829542137,129,3,1.1552062866716817
psi,0.12001239829542137,129,4,0.012576074149468213
psi,0.12001239829542137,129,5,0.012576074149468213
psi,0.12001239829542137,129,6,2.1551994343126735
psi,0.12001239829542137,129,7,0.013218361454270253
psi,0.12001239829542137,129,8,0.09460498727806005
psi,0.12001239829542137,129,9,0.012576074149468213
psi,0.12001239829542137,129,10,0.4911051205523918
psi,0.12001239829542137,129,11,0.012576074149468213
psi,0.12001239829542137,129,12,0.4514027796159034
psi,0.12001239829542137,129,13,0.4175182591330362
psi,0.12001239829542137,129,14,2.938944297830893
psi,0.12001239829542137,129,15,0.044242939930143596
psi,0.12001239829542137,129,16,0.09922388864479895
psi,0.12001239829542137,129,17,0.2600062918041691
psi,0.12001239829542137,129,18,0.2709611914666829
psi,0.12001239829542137,129,19,0.012576074149468213
psi,0.12001239829542137,129,20,5.8347912565135776
psi,0.12001239829542137,129,21,0.012576074149468213
psi,0.12001239829542137,129,22,0.012576074149468213
psi,0.12001239829542137,129,23,0.012576074149468213
psi,0.12001239829542137,129,24,0.012576074149468213
psi,0.12001239829542137,129,25,3.362947707924028
psi,0.12001239829542137,193,0,0.8979055939441489
psi,0.12001239829542137,193,1,0.8979055939441489
psi,0.12001239829542137,193,2,0.6314944533542471
psi,0.12001239829542137,193,3,1.1552062866716817
psi,0.12001239829542137,193,4,0.012576074149468213
psi,0.12001239829542137,193,5,0.012576074149468213
psi,0.12001239829542137,193,6,2.637214071836845
psi,0.12001239829542137,193,7,0.03821086060598043
psi,0.12001239829542137,193,8,0.042303958986507295
psi,0.12001239829542137,193,9,0.012576074149468213
psi,0.12001239829542137,193,10,0.4911051205523918
psi,0.12001239829542137,193,11,0.012576074149468213
psi,0.12001239829542137,193,12,0.819847413512562
psi,0.12001239829542137,193,13,0.5152930542351346
psi,0.12001239829542137,193,14,3.5728549337867936
psi,0.12001239829542137,193,15,0.1417400661562877
psi,0.12001239829542137,193,16,0.1746221702583569
psi,0.12001239829542137,193,17,0.4215558424304411
psi,0.12001239829542137,193,18,0.3556958916174223
psi,0.12001239829542137,193,19,0.012576074149468213
psi,0.12001239829542137,193,20,5.8347912565135776
psi,0.12001239829542137,193,21,0.012576074149468213
psi,0.12001239829542137,193,22,0.012576074149468213
psi,0.12001239829542137,193,23,0.012576074149468213
psi,0.12001239829542137,193,24,0.012576074149468213
psi,0.12001239829542137,193,25,3.4676044555703065
psi,0.12001239829542137,257,0,0.8351679824627052
psi,0.12001239829542137,257,1,0.8351679824627052
psi,0.12001239829542137,257,2,0.6041316304861112
psi,0.12001239829542137,257,3,1.1552062866716817
psi,0.12001239829542137,257,4,0.012576074149468213
psi,0.12001239829542137,257,5,0.012576074149468213
psi,0.12001239829542137,257,6,2.70374290489425
psi,0.12001239829542137,257,7,0.03186791330421378
psi,0.12001239829542137,257,8,0.03362742853170627
psi,0.12001239829542137,257,9,0.012576074149468213
psi,0.12001239829542137,257,10,0.4911051205523918
psi,0.12001239829542137,257,11,0.012576074149468213
psi,0.12001239829542137,257,12,0.733029408034082
psi,0.12001239829542137,257,13,0.5615984949896
psi,0.12001239829542137,257,14,3.32733860618244
psi,0.12001239829542137,257,15,0.13234291679065807
psi,0.12001239829542137,257,16,0.13874908890093657
psi,0.12001239829542137,257,17,0.4353247188155023
psi,0.12001239829542137,257,18,0.3572172660393838
psi,0.12001239829542137,257,19,0.012576074149468213
psi,0.12001239829542137,257,20,5.8347912565135776
psi,0.12001239829542137,257,21,0.012576074149468213
psi,0.12001239829542137,257,22,0.012576074149468213
psi,0.12001239829542137,257,23,0.012576074149468213
psi,0.12001239829542137,257,24,0.012576074149468213
psi,0.12001239829542137,257,25,3.466456415441174
psi,0.12001239829542137,321,0,0.9637215969325235
psi,0.12001239829542137,321,1,0.9637215969325235
psi,0.12001239829542137,321,2,0.744248601906003
psi,0.12001239829542137,321,3,1.1552062866716817
psi,0.12001239829542137,321,4,0.012576074149468213
psi,0.12001239829542137,321,5,0.012576074149468213
psi,0.12001239829542137,321,6,2.835470643277778
psi,0.12001239829542137,321,7,0.0178389566050916
psi,0.12001239829542137,321,8,0.03966565460476264
psi,0.12001239829542137,321,9,0.012576074149468213
psi,0.12001239829542137,321,10,0.4911051205523918
psi,0.12001239829542137,321,11,0.012576074149468213
psi,0.12001239829542137,321,12,0.9656306012670267
psi,0.12001239829542137,321,13,0.47710928504320577
psi,0.12001239829542137,321,14,3.184850508053113
psi,0.12001239829542137,321,15,0.08980506783641073
psi,0.12001239829542137,321,16,0.09400028367049104
psi,0.12001239829542137,321,17,0.5490237638343278
psi,0.12001239829542137,321,18,0.6549847678576355
psi,0.12001239829542137,321,19,0.012576074149468213
psi,0.12001239829542137,321,20,5.8347912565135776
psi,0.12001239829542137,321,21,0.012576074149468213
psi,0.12001239829542137,321,22,0.012576074149468213
psi,0.12001239829542137,321,23,0.012576074149468213
psi,0.12001239829542137,321,24,0.012576074149468213
psi,0.12001239829542137,321,25,3.5445296853603017
psi,0.12001239829542137,385,0,1.0992934473889442
psi,0.12001239829542137,385,1,1.0992934473889442
psi,0.12001239829542137,385,2,0.9375201988353331
psi,0.12001239829542137,385,3,1.1552062866716817
psi,0.12001239829542137,385,4,0.012576074149468213
psi,0.12001239829542137,385,5,0.012576074149468213
psi,0.12001239829542137,385,6,2.783309012959514
psi,0.12001239829542137,385,7,0.016527814513145684
psi,0.12001239829542137,385,8,0.1531531313826212
psi,0.12001239829542137,385,9,0.012576074149468213
psi,0.12001239829542137,385,10,0.4911051205523918
psi,0.12001239829542137,385,11,0.012576074149468213
psi,0.12001239829542137,385,12,1.089706010318183
psi,0.12001239829542137,385,13,0.336827416604178
psi,0.12001239829542137,385,14,2.773802786370468
psi,0.12001239829542137,385,15,0.02400015472246762
psi,0.12001239829542137,385,16,0.2036656564977459
psi,0.12001239829542137,385,17,0.6867872662046444
psi,0.12001239829542137,385,18,0.9460747777381691
psi,0.12001239829542137,385,19,0.012576074149468213
psi,0.12001239829542137,385,20,5.8347912565135776
psi,0.12001239829542137,385,21,0.012576074149468213
psi,0.12001239829542137,385,22,0.012576074149468213
psi,0.12001239829542137,385,23,0.012576074149468213
psi,0.12001239829542137,385,24,0.012576074149468213
psi,0.12001239829542137,385,25,3.5654808253936348
psi,0.12001239829542137,449,0,1.3772325617607166
psi,0.12001239829542137,449,1,1.3772325617607166
psi,0.12001239829542137,449,2,1.2980008944058283
psi,0.12001239829542137,449,3,1.1552062866716817
psi,0.12001239829542137,449,4,0.012576074149468213
psi,0.12001239829542137,449,5,0.012576074149468213
psi,0.12001239829542137,449,6,3.342689384526322
psi,0.12001239829542137,449,7,0.19277018987210964
psi,0.12001239829542137,449,8,0.23233579433031093
psi,0.12001239829542137,449,9,0.012576074149468213
psi,0.12001239829542137,449,10,0.4911051205523918
psi,0.12001239829542137,449,11,0.012576074149468213
psi,0.12001239829542137,449,12,1.3177639382546185
psi,0.12001239829542137,449,13,0.4931843843708508
psi,0.12001239829542137,449,14,2.632525122582911
psi,0.12001239829542137,449,15,0.32572811957014275
psi,0.12001239829542137,449,16,0.6637503051152975
psi,0.12001239829542137,449,17,0.7798086611205788
psi,0.12001239829542137,449,18,1.1757718353307083
psi,0.12001239829542137,449,19,0.012576074149468213
psi,0.12001239829542137,449,20,5.8347912565135776
psi,0.12001239829542137,449,21,0.012576074149468213
psi,0.12001239829542137,449,22,0.012576074149468213
psi,0.12001239829542137,449,23,0.012576074149468213
psi,0.12001239829542137,449,24,0.012576074149468213
psi,0.12001239829542137,449,25,3.773206361771039
psi,0.12001239829542137,513,0,2.1589833468722035
psi,0.12001239829542137,513,1,2.1589833468722035
psi,0.12001239829542137,513,2,2.093005935860766
psi,0.12001239829542137,513,3,1.1552062866716817
psi,0.12001239829542137,513,4,0.012576074149468213
psi,0.12001239829542137,513,5,0.012576074149468213
psi,0.12001239829542137,513,6,4.438210366150851
psi,0.12001239829542137,513,7,0.4629629212761547
psi,0.12001239829542137,513,8,0.4088223204895423
psi,0.12001239829542137,513,9,0.012576074149468213
psi,0.12001239829542137,513,10,0.4911051205523918
psi,0.12001239829542137,513,11,0.012576074149468213
psi,0.12001239829542137,513,12,1.920804432339518
psi,0.12001239829542137,513,13,0.6933683193354523
psi,0.12001239829542137,513,14,3.609020905396296
psi,0.12001239829542137,513,15,0.82868645564457
psi,0.12001239829542137,513,16,1.0077201085320033
psi,0.12001239829542137,513,17,1.1594205022569708
psi,0.12001239829542137,513,18,1.609066179244322
psi,0.12001239829542137,513,19,0.012576074149468213
psi,0.12001239829542137,513,20,5.8347912565135776
psi,0.12001239829542137,513,21,0.012576074149468213
psi,0.12001239829542137,513,22,0.012576074149468213
psi,0.12001239829542137,513,23,0.012576074149468213
psi,0.12001239829542137,513,24,0.012576074149468213
psi,0.12001239829542137,513,25,3.9509027527702467
psi,0.12001239829542137,577,0,2.2023569696925285
psi,0.12001239829542137,577,1,2.2023569696925285
psi,0.12001239829542137,577,2,2.1849099185078282
psi,0.12001239829542137,577,3,1.1552062866716817
psi,0.12001239829542137,577,4,0.012576074149468213
psi,0.12001239829542137,577,5,0.012576074149468213
psi,0.12001239829542137,577,6,4.269699421913512
psi,0.12001239829542137,577,7,0.4629629212761547
psi,0.12001239829542137,577,8,0.2531807347551959
psi,0.12001239829542137,577,9,0.012576074149468213
psi,0.12001239829542137,577,10,0.4911051205523918
psi,0.12001239829542137,577,11,0.012576074149468213
psi,0.12001239829542137,577,12,2.0014598412108118
psi,0.12001239829542137,577,13,0.7405313985083186
psi,0.12001239829542137,577,14,3.3635752452906775
psi,0.12001239829542137,577,15,0.82868645564457
psi,0.12001239829542137,577,16,1.1909757517870405
psi,0.12001239829542137,577,17,0.9626636057589588
psi,0.12001239829542137,577,18,1.2093908840234633
psi,0.12001239829542137,577,19,0.012576074149468213
psi,0.12001239829542137,577,20,5.8347912565135776
psi,0.12001239829542137,577,21,0.012576074149468213
psi,0.12001239829542137,577,22,0.012576074149468213
psi,0.12001239829542137,577,23,0.012576074149468213
psi,0.12001239829542137,577,24,0.012576074149468213
psi,0.12001239829542137,577,25,3.9183471127002374
psi,0.12001239829542137,641,0,2.1475637480841745
psi,0.12001239829542137,641,1,2.1475637480841745
psi,0.12001239829542137,641,2,2.1637477452398026
psi,0.12001239829542137,641,3,1.1552062866716817
psi,0.12001239829542137,641,4,0.012576074149468213
psi,0.12001239829542137,641,5,0.012576074149468213
psi,0.12001239829542137,641,6,4.269699421913512
psi,0.12001239829542137,641,7,0.4629629212761547
psi,0.12001239829542137,641,8,0.10952777403116526
psi,0.12001239829542137,641,9,0.012576074149468213
psi,0.12001239829542137,641,10,0.4911051205523918
psi,0.12001239829542137,641,11,0.012576074149468213
psi,0.12001239829542137,641,12,1.8553923744758667
psi,0.12001239829542137,641,13,0.5660154006893044
psi,0.12001239829542137,641,14,3.2439570968817453
psi,0.12001239829542137,641,15,0.6496273187934343
psi,0.12001239829542137,641,16,1.1463127281990095
psi,0.12001239829542137,641,17,0.9015334665996634
psi,0.12001239829542137,641,18,1.0098546800952355
psi,0.12001239829542137,641,19,0.012576074149468213
psi,0.12001239829542137,641,20,5.8347912565135776
psi,0.12001239829542137,641,21,0.012576074149468213
psi,0.12001239829542137,641,22,0.012576074149468213
psi,0.12001239829542137,641,23,0.012576074149468213
psi,0.12001239829542137,641,24,0.012576074149468213
psi,0.12001239829542137,641,25,3.8293670083280418
psi,0.12001239829542137,705,0,2.3136159671489236
psi,0.12001239829542137,705,1,2.3136159671489236
psi,0.12001239829542137,705,2,2.3776779702832154
psi,0.12001239829542137,705,3,1.1552062866716817
psi,0.12001239829542137,705,4,0.012576074149468213
psi,0.12001239829542137,705,5,0.012576074149468213
psi,0.12001239829542137,705,6,4.269699421913512
psi,0.12001239829542137,705,7,0.3315130401464859
psi,0.12001239829542137,705,8,0.07051826411288808
psi,0.12001239829542137,705,9,0.012576074149468213
psi,0.12001239829542137,705,10,0.4911051205523918
psi,0.12001239829542137,705,11,0.012576074149468213
psi,0.12001239829542137,705,12,2.00609239140425
psi,0.12001239829542137,705,13,0.4705683357556428
psi,0.12001239829542137,705,14,3.2691384778189647
psi,0.12001239829542137,705,15,0.5292170669200937
psi,0.12001239829542137,705,16,1.2074089351005255
psi,0.12001239829542137,705,17,1.1237172455570483
psi,0.12001239829542137,705,18,0.96071444182565
psi,0.12001239829542137,705,19,0.012576074149468213
psi,0.12001239829542137,705,20,5.8347912565135776
psi,0.12001239829542137,705,21,0.012576074149468213
psi,0.12001239829542137,705,22,0.012576074149468213
psi,0.12001239829542137,705,23,0.012576074149468213
psi,0.12001239829542137,705,24,0.012576074149468213
psi,0.12001239829542137,705,25,3.7660014245722544
psi,0.12001239829542137,769,0,2.7186451040420665
psi,0.12001239829542137,769,1,2.7186451040420665
psi,0.12001239829542137,769,2,2.8008628068481114
psi,0.12001239829542137,769,3,1.1552062866716817
psi,0.12001239829542137,769,4,0.012576074149468213
psi,0.12001239829542137,769,5,0.012576074149468213
psi,0.12001239829542137,769,6,4.759937331357716
psi,0.12001239829542137,769,7,0.3315130401464859
psi,0.12001239829542137,769,8,0.05325032544939621
psi,0.12001239829542137,769,9,0.012576074149468213
psi,0.12001239829542137,769,10,0.4911051205523918
psi,0.12001239829542137,769,11,0.012576074149468213
psi,0.12001239829542137,769,12,2.419154027986041
psi,0.12001239829542137,769,13,0.45882470284965826
psi,0.12001239829542137,769,14,3.579196675391705
psi,0.12001239829542137,769,15,0.48958480383701364
psi,0.12001239829542137,769,16,1.4949843642851757
psi,0.12001239829542137,769,17,1.4048830297289292
psi,0.12001239829542137,769,18,1.2121260670441085
psi,0.12001239829542137,769,19,0.012576074149468213
psi,0.12001239829542137,769,20,5.8347912565135776
psi,0.12001239829542137,769,21,0.012576074149468213
psi,0.12001239829542137,769,22,0.012576074149468213
psi,0.12001239829542137,769,23,0.012576074149468213
psi,0.12001239829542137,769,24,0.012576074149468213
psi,0.12001239829542137,769,25,3.6976330527589423
psi,0.12001239829542137,833,0,3.036174747089251
psi,0.12001239829542137,833,1,3.036174747089251
psi,0.12001239829542137,833,2,3.140651323576293
psi,0.12001239829542137,833,3,1.1552062866716817
psi,0.12001239829542137,833,4,0.012576074149468213
psi,0.12001239829542137,833,5,0.012576074149468213
psi,0.12001239829542137,833,6,6.115586410203573
psi,0.12001239829542137,833,7,0.22501903661372802
psi,0.12001239829542137,833,8,0.048341547129965454
psi,0.12001239829542137,833,9,0.012576074149468213
psi,0.12001239829542137,833,10,0.4911051205523918
psi,0.12001239829542137,833,11,0.012576074149468213
psi,0.12001239829542137,833,12,2.4249551834952423
psi,0.12001239829542137,833,13,0.4383788703422299
psi,0.12001239829542137,833,14,4.533252155833815
psi,0.12001239829542137,833,15,0.3988231448382676
psi,0.12001239829542137,833,16,1.3789156879094402
psi,0.12001239829542137,833,17,1.585717880913922
psi,0.12001239829542137,833,18,1.2978468075484315
psi,0.12001239829542137,833,19,0.012576074149468213
psi,0.12001239829542137,833,20,5.8347912565135776
psi,0.12001239829542137,833,21,0.012576074149468213
psi,0.12001239829542137,833,22,0.012576074149468213
psi,0.12001239829542137,833,23,0.012576074149468213
psi,0.12001239829542137,833,24,0.012576074149468213
psi,0.12001239829542137,833,25,3.678052979055069
psi,0.12001239829542137,897,0,2.8246009697290977
psi,0.12001239829542137,897,1,2.8246009697290977
psi,0.12001239829542137,897,2,2.91565328122657
psi,0.12001239829542137,897,3,1.1552062866716817
psi,0.12001239829542137,897,4,0.012576074149468213
psi,0.12001239829542137,897,5,0.012576074149468213
psi,0.12001239829542137,897,6,5.25322191967891
psi,0.12001239829542137,897,7,0.22501903661372802
psi,0.12001239829542137,897,8,0.10053039430678626
psi,0.12001239829542137,897,9,0.012576074149468213
psi,0.12001239829542137,897,10,0.4911051205523918
psi,0.12001239829542137,897,11,0.012576074149468213
psi,0.12001239829542137,897,12,2.3925039072816108
psi,0.12001239829542137,897,13,0.4537916808106483
psi,0.12001239829542137,897,14,3.798224388091676
psi,0.12001239829542137,897,15,0.43561396104082345
psi,0.12001239829542137,897,16,1.348794098335329
psi,0.12001239829542137,897,17,1.0887674280438961
psi,0.12001239829542137,897,18,0.8883391886604836
psi,0.12001239829542137,897,19,0.012576074149468213
psi,0.12001239829542137,897,20,5.8347912565135776
psi,0.12001239829542137,897,21,0.012576074149468213
psi,0.12001239829542137,897,22,0.012576074149468213
psi,0.12001239829542137,897,23,0.012576074149468213
psi,0.12001239829542137,897,24,0.012576074149468213
psi,0.12001239829542137,897,25,3.705838870557026
psi,0.12001239829542137,961,0,1.8738099340535208
psi,0.12001239829542137,961,1,1.8738099340535208
psi,0.12001239829542137,961,2,1.8553045107627688
psi,0.12001239829542137,961,3,1.1552062866716817
psi,0.12001239829542137,961,4,0.012576074149468213
psi,0.12001239829542137,961,5,0.012576074149468213
psi,0.12001239829542137,961,6,4.5576237499535885
psi,0.12001239829542137,961,7,0.26782598304448624
psi,0.12001239829542137,961,8,0.11922093525838283
psi,0.12001239829542137,961,9,0.012576074149468213
psi,0.12001239829542137,961,10,0.4911051205523918
psi,0.12001239829542137,961,11,0.012576074149468213
psi,0.12001239829542137,961,12,1.6532341855768107
psi,0.12001239829542137,961,13,0.4931843843708508
psi,0.12001239829542137,961,14,3.4663239523935654
psi,0.12001239829542137,961,15,0.5559405213043334
psi,0.12001239829542137,961,16,0.984171110655581
psi,0.12001239829542137,961,17,0.8435581844384246
psi,0.12001239829542137,961,18,0.9166683811556301
psi,0.12001239829542137,961,19,0.012576074149468213
psi,0.12001239829542137,961,20,5.8347912565135776
psi,0.12001239829542137,961,21,0.012576074149468213
psi,0.12001239829542137,961,22,0.012576074149468213
psi,0.12001239829542137,961,23,0.012576074149468213
psi,0.12001239829542137,961,24,0.012576074149468213
psi,0.12001239829542137,961,25,3.7952283507904747
psi,0.12001239829542137,1025,0,1.8916483608933858
psi,0.12001239829542137,1025,1,1.8916483608933858
psi,0.12001239829542137,1025,2,1.8266815488248904
psi,0.12001239829542137,1025,3,1.1552062866716817
psi,0.12001239829542137,1025,4,0.012576074149468213
psi,0.12001239829542137,1025,5,0.012576074149468213
psi,0.12001239829542137,1025,6,4.545375178061576
psi,0.12001239829542137,1025,7,0.26782598304448624
psi,0.12001239829542137,1025,8,0.21350160626213557
psi,0.12001239829542137,1025,9,0.012576074149468213
psi,0.12001239829542137,1025,10,0.4911051205523918
psi,0.12001239829542137,1025,11,0.012576074149468213
psi,0.12001239829542137,1025,12,1.7938235670037628
psi,0.12001239829542137,1025,13,0.5124786491454445
psi,0.12001239829542137,1025,14,3.774719719952963
psi,0.12001239829542137,1025,15,0.5799735813434868
psi,0.12001239829542137,1025,16,1.0765598000682326
psi,0.12001239829542137,1025,17,0.8707619553241628
psi,0.12001239829542137,1025,18,1.0870373369605129
psi,0.12001239829542137,1025,19,0.012576074149468213
psi,0.12001239829542137,1025,20,5.8347912565135776
psi,0.12001239829542137,1025,21,0.012576074149468213
psi,0.12001239829542137,1025,22,0.012576074149468213
psi,0.12001239829542137,1025,23,0.012576074149468213
psi,0.12001239829542137,1025,24,0.012576074149468213
psi,0.12001239829542137,1025,25,3.991535475673729
psi,0.12001239829542137,1089,0,2.198118027533039
psi,0.12001239829542137,1089,1,2.198118027533039
psi,0.12001239829542137,1089,2,2.0289425813814126
psi,0.12001239829542137,1089,3,1.1552062866716817
psi,0.12001239829542137,1089,4,0.012576074149468213
psi,0.12001239829542137,1089,5,0.012576074149468213
psi,0.12001239829542137,1089,6,4.545375178061576
psi,0.12001239829542137,1089,7,0.4629629212761547
psi,0.12001239829542137,1089,8,0.36735193478732103
psi,0.12001239829542137,1089,9,0.012576074149468213
psi,0.12001239829542137,1089,10,0.4911051205523918
psi,0.12001239829542137,1089,11,0.012576074149468213
psi,0.12001239829542137,1089,12,2.2544892466816515
psi,0.12001239829542137,1089,13,0.6045620408757986
psi,0.12001239829542137,1089,14,4.21962725775531
psi,0.12001239829542137,1089,15,0.82868645564457
psi,0.12001239829542137,1089,16,1.2721199432956023
psi,0.12001239829542137,1089,17,1.1841582321123025
psi,0.12001239829542137,1089,18,1.7959282386883273
psi,0.12001239829542137,1089,19,0.012576074149468213
psi,0.12001239829542137,1089,20,5.8347912565135776
psi,0.12001239829542137,1089,21,0.012576074149468213
psi,0.12001239829542137,1089,22,0.012576074149468213
psi,0.12001239829542137,1089,23,0.012576074149468213
psi,0.12001239829542137,1089,24,0.012576074149468213
psi,0.12001239829542137,1089,25,4.301649017379007
psi,0.12001239829542137,1153,0,2.5080123563164882
psi,0.12001239829542137,1153,1,2.5080123563164882
psi,0.12001239829542137,1153,2,2.2669655665690027
psi,0.12001239829542137,1153,3,1.1552062866716817
psi,0.12001239829542137,1153,4,0.012576074149468213
psi,0.12001239829542137,1153,5,0.012576074149468213
psi,0.12001239829542137,1153,6,4.545375178061576
psi,0.12001239829542137,1153,7,0.4629629212761547
psi,0.12001239829542137,1153,8,0.46014553974526406
psi,0.12001239829542137,1153,9,0.012576074149468213
psi,0.12001239829542137,1153,10,0.4911051205523918
psi,0.12001239829542137,1153,11,0.012576074149468213
psi,0.12001239829542137,1153,12,2.431271537220517
psi,0.12001239829542137,1153,13,0.6575435743478624
psi,0.12001239829542137,1153,14,4.389896993319573
psi,0.12001239829542137,1153,15,0.82868645564457
psi,0.12001239829542137,1153,16,1.2439072530549675
psi,0.12001239829542137,1153,17,1.2252346516608248
psi,0.12001239829542137,1153,18,2.0973445782967786
psi,0.12001239829542137,1153,19,0.012576074149468213
psi,0.12001239829542137,1153,20,5.8347912565135776
psi,0.12001239829542137,1153,21,0.012576074149468213
psi,0.12001239829542137,1153,22,0.012576074149468213
psi,0.12001239829542137,1153,23,0.012576074149468213
psi,0.12001239829542137,1153,24,0.012576074149468213
psi,0.12001239829542137,1153,25,4.116347075642891
psi,0.12001239829542137,1217,0,3.063865430285355
psi,0.12001239829542137,1217,1,3.063865430285355
psi,0.12001239829542137,1217,2,2.783604991079092
psi,0.12001239829542137,1217,3,1.1552062866716817
psi,0.12001239829542137,1217,4,0.012576074149468213
psi,0.12001239829542137,1217,5,0.012576074149468213
psi,0.12001239829542137,1217,6,3.9379490841798983
psi,0.12001239829542137,1217,7,0.4629629212761547
psi,0.12001239829542137,1217,8,0.834431704862817
psi,0.12001239829542137,1217,9,0.012576074149468213
psi,0.12001239829542137,1217,10,0.4911051205523918
psi,0.12001239829542137,1217,11,0.012576074149468213
psi,0.12001239829542137,1217,12,3.028615424239278
psi,0.12001239829542137,1217,13,0.7405313985083186
psi,0.12001239829542137,1217,14,4.040629361874818
psi,0.12001239829542137,1217,15,0.708344342553173
psi,0.12001239829542137,1217,16,1.4202514001193607
psi,0.12001239829542137,1217,17,1.4123993115433373
psi,0.12001239829542137,1217,18,2.237130707611948
psi,0.12001239829542137,1217,19,0.012576074149468213
psi,0.12001239829542137,1217,20,5.8347912565135776
psi,0.12001239829542137,1217,21,0.012576074149468213
psi,0.12001239829542137,1217,22,0.012576074149468213
psi,0.12001239829542137,1217,23,0.012576074149468213
psi,0.12001239829542137,1217,24,0.012576074149468213
psi,0.12001239829542137,1217,25,4.118732547623851
psi,0.12001239829542137,1281,0,2.510791623338752
psi,0.12001239829542137,1281,1,2.510791623338752
psi,0.12001239829542137,1281,2,2.2123050405143827
psi,0.12001239829542137,1281,3,1.1552062866716817
psi,0.12001239829542137,1281,4,0.012576074149468213
psi,0.12001239829542137,1281,5,0.012576074149468213
psi,0.12001239829542137,1281,6,3.072485351405993
psi,0.12001239829542137,1281,7,0.3315130401464859
psi,0.12001239829542137,1281,8,0.834431704862817
psi,0.12001239829542137,1281,9,0.012576074149468213
psi,0.12001239829542137,1281,10,0.4911051205523918
psi,0.12001239829542137,1281,11,0.012576074149468213
psi,0.12001239829542137,1281,12,2.3177994347714517
psi,0.12001239829542137,1281,13,0.7405313985083186
psi,0.12001239829542137,1281,14,3.2108146951771035
psi,0.12001239829542137,1281,15,0.5879065110802694
psi,0.12001239829542137,1281,16,1.034644271407204
psi,0.12001239829542137,1281,17,1.525568493596836
psi,0.12001239829542137,1281,18,2.279798348572803
psi,0.12001239829542137,1281,19,0.012576074149468213
psi,0.12001239829542137,1281,20,5.8347912565135776
psi,0.12001239829542137,1281,21,0.012576074149468213
psi,0.12001239829542137,1281,22,0.012576074149468213
psi,0.12001239829542137,1281,23,0.012576074149468213
psi,0.12001239829542137,1281,24,0.012576074149468213
psi,0.12001239829542137,1281,25,3.9981881882628167
psi,0.12001239829542137,1345,0,2.070915198199504
psi,0.12001239829542137,1345,1,2.070915198199504
psi,0.12001239829542137,1345,2,1.7950002132908183
psi,0.12001239829542137,1345,3,1.1552062866716817
psi,0.12001239829542137,1345,4,0.012576074149468213
psi,0.12001239829542137,1345,5,0.012576074149468213
psi,0.12001239829542137,1345,6,3.0492190618574058
psi,0.12001239829542137,1345,7,0.3315130401464859
psi,0.12001239829542137,1345,8,0.834431704862817
psi,0.12001239829542137,1345,9,0.012576074149468213
psi,0.12001239829542137,1345,10,0.4911051205523918
psi,0.12001239829542137,1345,11,0.012576074149468213
psi,0.12001239829542137,1345,12,1.8111267224119787
psi,0.12001239829542137,1345,13,0.7405313985083186
psi,0.12001239829542137,1345,14,2.989149715057491
psi,0.12001239829542137,1345,15,0.5879065110802694
psi,0.12001239829542137,1345,16,0.8422041485157409
psi,0.12001239829542137,1345,17,1.114408491732545
psi,0.12001239829542137,1345,18,1.736372161116801
psi,0.12001239829542137,1345,19,0.012576074149468213
psi,0.12001239829542137,1345,20,5.8347912565135776
psi,0.12001239829542137,1345,21,0.012576074149468213
psi,0.12001239829542137,1345,22,0.012576074149468213
psi,0.12001239829542137,1345,23,0.012576074149468213
psi,0.12001239829542137,1345,24,0.012576074149468213
psi,0.12001239829542137,1345,25,3.924470706977273
psi,0.12001239829542137,1409,0,2.157626751847115
psi,0.12001239829542137,1409,1,2.157626751847115
psi,0.12001239829542137,1409,2,1.8794796286388635
psi,0.12001239829542137,1409,3,1.1552062866716817
psi,0.12001239829542137,1409,4,0.012576074149468213
psi,0.12001239829542137,1409,5,0.012576074149468213
psi,0.12001239829542137,1409,6,3.0492190618574058
psi,0.12001239829542137,1409,7,0.3315130401464859
psi,0.12001239829542137,1409,8,0.6276650684936816
psi,0.12001239829542137,1409,9,0.012576074149468213
psi,0.12001239829542137,1409,10,0.4911051205523918
psi,0.12001239829542137,1409,11,0.012576074149468213
psi,0.12001239829542137,1409,12,2.0407329040981668
psi,0.12001239829542137,1409,13,0.7405313985083186
psi,0.12001239829542137,1409,14,3.248645523145319
psi,0.12001239829542137,1409,15,0.5879065110802694
psi,0.12001239829542137,1409,16,1.1910204859728213
psi,0.12001239829542137,1409,17,1.2209332906201382
psi,0.12001239829542137,1409,18,1.8271067526523712
psi,0.12001239829542137,1409,19,0.012576074149468213
psi,0.12001239829542137,1409,20,5.8347912565135776
psi,0.12001239829542137,1409,21,0.012576074149468213
psi,0.12001239829542137,1409,22,0.012576074149468213
psi,0.12001239829542137,1409,23,0.012576074149468213
psi,0.12001239829542137,1409,24,0.012576074149468213
psi,0.12001239829542137,1409,25,4.0899218136609425
psi,0.12001239829542137,1473,0,1.8281761917206791
psi,0.12001239829542137,1473,1,1.8281761917206791
psi,0.12001239829542137,1473,2,1.554670290673539
psi,0.12001239829542137,1473,3,1.1552062866716817
psi,0.12001239829542137,1473,4,0.012576074149468213
psi,0.12001239829542137,1473,5,0.012576074149468213
psi,0.12001239829542137,1473,6,3.2398687111477993
psi,0.12001239829542137,1473,7,0.3315130401464859
psi,0.12001239829542137,1473,8,0.5276787844866753
psi,0.12001239829542137,1473,9,0.012576074149468213
psi,0.12001239829542137,1473,10,0.4911051205523918
psi,0.12001239829542137,1473,11,0.012576074149468213
psi,0.12001239829542137,1473,12,1.6501621200529746
psi,0.12001239829542137,1473,13,0.8101752953596235
psi,0.12001239829542137,1473,14,3.1666057974592663
psi,0.12001239829542137,1473,15,0.7082212006634933
psi,0.12001239829542137,1473,16,1.1490649575884895
psi,0.12001239829542137,1473,17,1.4565442642814013
psi,0.12001239829542137,1473,18,1.9822664718937681
psi,0.12001239829542137,1473,19,0.012576074149468213
psi,0.12001239829542137,1473,20,5.8347912565135776
psi,0.12001239829542137,1473,21,0.012576074149468213
psi,0.12001239829542137,1473,22,0.012576074149468213
psi,0.12001239829542137,1473,23,0.012576074149468213
psi,0.12001239829542137,1473,24,0.012576074149468213
psi,0.12001239829542137,1473,25,4.180708687161569
psi,0.12001239829542137,1537,0,1.4073256454673593
psi,0.12001239829542137,1537,1,1.4073256454673593
psi,0.12001239829542137,1537,2,1.1315071529260976
psi,0.12001239829542137,1537,3,1.1552062866716817
psi,0.12001239829542137,1537,4,0.012576074149468213
psi,0.12001239829542137,1537,5,0.012576074149468213
psi,0.12001239829542137,1537,6,3.269321744963266
psi,0.12001239829542137,1537,7,0.4629629212761547
psi,0.12001239829542137,1537,8,0.5276787844866753
psi,0.12001239829542137,1537,9,0.012576074149468213
psi,0.12001239829542137,1537,10,0.4911051205523918
psi,0.12001239829542137,1537,11,0.012576074149468213
psi,0.12001239829542137,1537,12,1.2153729004764664
psi,0.12001239829542137,1537,13,0.5660154006893044
psi,0.12001239829542137,1537,14,2.879376226607036
psi,0.12001239829542137,1537,15,0.5190930999995942
psi,0.12001239829542137,1537,16,0.814646051738174
psi,0.12001239829542137,1537,17,1.4445566147067619
psi,0.12001239829542137,1537,18,1.902566070966191
psi,0.12001239829542137,1537,19,0.012576074149468213
psi,0.12001239829542137,1537,20,5.8347912565135776
psi,0.12001239829542137,1537,21,0.012576074149468213
psi,0.12001239829542137,1537,22,0.012576074149468213
psi,0.12001239829542137,1537,23,0.012576074149468213
psi,0.12001239829542137,1537,24,0.012576074149468213
psi,0.12001239829542137,1537,25,4.238216809184177
psi,0.12001239829542137,1601,0,1.212317246287142
psi,0.12001239829542137,1601,1,1.212317246287142
psi,0.12001239829542137,1601,2,1.0112705690797688
psi,0.12001239829542137,1601,3,1.1552062866716817
psi,0.12001239829542137,1601,4,0.012576074149468213
psi,0.12001239829542137,1601,5,0.012576074149468213
psi,0.12001239829542137,1601,6,2.9953152723744463
psi,0.12001239829542137,1601,7,0.4629629212761547
psi,0.12001239829542137,1601,8,0.2764343951642541
psi,0.12001239829542137,1601,9,0.012576074149468213
psi,0.12001239829542137,1601,10,0.4911051205523918
psi,0.12001239829542137,1601,11,0.012576074149468213
psi,0.12001239829542137,1601,12,0.9644170409480194
psi,0.12001239829542137,1601,13,0.4931843843708508
psi,0.12001239829542137,1601,14,2.326814135640716
psi,0.12001239829542137,1601,15,0.4918280207033095
psi,0.12001239829542137,1601,16,0.5119863123841529
psi,0.12001239829542137,1601,17,1.278071320966159
psi,0.12001239829542137,1601,18,1.723611459132194
psi,0.12001239829542137,1601,19,0.012576074149468213
psi,0.12001239829542137,1601,20,5.8347912565135776
psi,0.12001239829542137,1601,21,0.012576074149468213
psi,0.12001239829542137,1601,22,0.012576074149468213
psi,0.12001239829542137,1601,23,0.012576074149468213
psi,0.12001239829542137,1601,24,0.012576074149468213
psi,0.12001239829542137,1601,25,4.05888369900207
psi,0.12001239829542137,1665,0,0.7411460408056071
psi,0.12001239829542137,1665,1,0.7411460408056071
psi,0.12001239829542137,1665,2,0.5188286816418438
psi,0.12001239829542137,1665,3,1.1552062866716817
psi,0.12001239829542137,1665,4,0.012576074149468213
psi,0.12001239829542137,1665,5,0.012576074149468213
psi,0.12001239829542137,1665,6,2.7152089439157017
psi,0.12001239829542137,1665,7,0.4629629212761547
psi,0.12001239829542137,1665,8,0.3026392401031771
psi,0.12001239829542137,1665,9,0.012576074149468213
psi,0.12001239829542137,1665,10,0.4911051205523918
psi,0.12001239829542137,1665,11,0.012576074149468213
psi,0.12001239829542137,1665,12,0.4874261809428503
psi,0.12001239829542137,1665,13,0.4705683357556428
psi,0.12001239829542137,1665,14,2.127939744035014
psi,0.12001239829542137,1665,15,0.4708552973908372
psi,0.12001239829542137,1665,16,0.26122934235285095
psi,0.12001239829542137,1665,17,1.2105425221148942
psi,0.12001239829542137,1665,18,1.3301778830907676
psi,0.12001239829542137,1665,19,0.012576074149468213
psi,0.12001239829542137,1665,20,5.8347912565135776
psi,0.12001239829542137,1665,21,0.012576074149468213
psi,0.12001239829542137,1665,22,0.012576074149468213
psi,0.12001239829542137,1665,23,0.012576074149468213
psi,0.12001239829542137,1665,24,0.012576074149468213
psi,0.12001239829542137,1665,25,4.084690831887633
psi,0.12001239829542137,1729,0,0.6234752789806168
psi,0.12001239829542137,1729,1,0.6234752789806168
psi,0.12001239829542137,1729,2,0.3979006079953484
psi,0.12001239829542137,1729,3,1.1552062866716817
psi,0.12001239829542137,1729,4,0.012576074149468213
psi,0.12001239829542137,1729,5,0.012576074149468213
psi,0.12001239829542137,1729,6,2.8727454969613384
psi,0.12001239829542137,1729,7,0.4629629212761547
psi,0.12001239829542137,1729,8,0.33256377559424555
psi,0.12001239829542137,1729,9,0.012576074149468213
psi,0.12001239829542137,1729,10,0.4911051205523918
psi,0.12001239829542137,1729,11,0.012576074149468213
psi,0.12001239829542137,1729,12,0.3813390973864783
psi,0.12001239829542137,1729,13,0.4705683357556428
psi,0.12001239829542137,1729,14,2.516000279959014
psi,0.12001239829542137,1729,15,0.4708552973908372
psi,0.12001239829542137,1729,16,0.30752243997334083
psi,0.12001239829542137,1729,17,1.2400102669150272
psi,0.12001239829542137,1729,18,1.3469118563126625
psi,0.12001239829542137,1729,19,0.012576074149468213
psi,0.12001239829542137,1729,20,5.8347912565135776
psi,0.12001239829542137,1729,21,0.012576074149468213
psi,0.12001239829542137,1729,22,0.012576074149468213
psi,0.12001239829542137,1729,23,0.012576074149468213
psi,0.12001239829542137,1729,24,0.012576074149468213
psi,0.12001239829542137,1729,25,4.009695683948761
psi,0.12001239829542137,1793,0,0.6303778473344845
psi,0.12001239829542137,1793,1,0.6303778473344845
psi,0.12001239829542137,1793,2,0.40409670508256007
psi,0.12001239829542137,1793,3,1.1552062866716817
psi,0.12001239829542137,1793,4,0.012576074149468213
psi,0.12001239829542137,1793,5,0.012576074149468213
psi,0.12001239829542137,1793,6,3.448625636970286
psi,0.12001239829542137,1793,7,0.3315130401464859
psi,0.12001239829542137,1793,8,0.33256377559424555
psi,0.12001239829542137,1793,9,0.012576074149468213
psi,0.12001239829542137,1793,10,0.4911051205523918
psi,0.12001239829542137,1793,11,0.012576074149468213
psi,0.12001239829542137,1793,12,0.4433228585093716
psi,0.12001239829542137,1793,13,0.5362365625842201
psi,0.12001239829542137,1793,14,2.66284067484586
psi,0.12001239829542137,1793,15,0.5559405213043334
psi,0.12001239829542137,1793,16,0.17346465338217726
psi,0.12001239829542137,1793,17,1.1974026583678419
psi,0.12001239829542137,1793,18,1.3812348105514318
psi,0.12001239829542137,1793,19,0.012576074149468213
psi,0.12001239829542137,1793,20,5.8347912565135776
psi,0.12001239829542137,1793,21,0.012576074149468213
psi,0.12001239829542137,1793,22,0.012576074149468213
psi,0.12001239829542137,1793,23,0.012576074149468213
psi,0.12001239829542137,1793,24,0.012576074149468213
psi,0.12001239829542137,1793,25,4.0367745006185345
psi,0.12001239829542137,1857,0,0.61781194616005
psi,0.12001239829542137,1857,1,0.61781194616005
psi,0.12001239829542137,1857,2,0.3640476806944126
psi,0.12001239829542137,1857,3,1.1552062866716817
psi,0.12001239829542137,1857,4,0.012576074149468213
psi,0.12001239829542137,1857,5,0.012576074149468213
psi,0.12001239829542137,1857,6,3.3939438971870195
psi,0.12001239829542137,1857,7,0.3315130401464859
psi,0.12001239829542137,1857,8,0.834431704862817
psi,0.12001239829542137,1857,9,0.012576074149468213
psi,0.12001239829542137,1857,10,0.4911051205523918
psi,0.12001239829542137,1857,11,0.012576074149468213
psi,0.12001239829542137,1857,12,0.6171747911587537
psi,0.12001239829542137,1857,13,0.6045620408757986
psi,0.12001239829542137,1857,14,2.869324616400199
psi,0.12001239829542137,1857,15,0.5799735813434868
psi,0.12001239829542137,1857,16,0.4884153470457923
psi,0.12001239829542137,1857,17,1.353750145611505
psi,0.12001239829542137,1857,18,1.3690979983787894
psi,0.12001239829542137,1857,19,0.012576074149468213
psi,0.12001239829542137,1857,20,5.8347912565135776
psi,0.12001239829542137,1857,21,0.012576074149468213
psi,0.12001239829542137,1857,22,0.012576074149468213
psi,0.12001239829542137,1857,23,0.012576074149468213
psi,0.12001239829542137,1857,24,0.012576074149468213
psi,0.12001239829542137,1857,25,4.26475764067748
psi,0.12001239829542137,1921,0,0.6950749553764987
psi,0.12001239829542137,1921,1,0.6950749553764987
psi,0.12001239829542137,1921,2,0.5122649042733817
psi,0.12001239829542137,1921,3,1.1552062866716817
psi,0.12001239829542137,1921,4,0.012576074149468213
psi,0.12001239829542137,1921,5,0.012576074149468213
psi,0.12001239829542137,1921,6,3.648691259294875
psi,0.12001239829542137,1921,7,0.3315130401464859
psi,0.12001239829542137,1921,8,0.834431704862817
psi,0.12001239829542137,1921,9,0.012576074149468213
psi,0.12001239829542137,1921,10,0.4911051205523918
psi,0.12001239829542137,1921,11,0.012576074149468213
psi,0.12001239829542137,1921,12,0.6669187885587877
psi,0.12001239829542137,1921,13,0.6933683193354523
psi,0.12001239829542137,1921,14,3.0193845202919487
psi,0.12001239829542137,1921,15,0.6496273187934343
psi,0.12001239829542137,1921,16,0.44699762730504156
psi,0.12001239829542137,1921,17,1.6578636007611642
psi,0.12001239829542137,1921,18,1.7666878300640478
psi,0.12001239829542137,1921,19,0.012576074149468213
psi,0.12001239829542137,1921,20,5.8347912565135776
psi,0.12001239829542137,1921,21,0.012576074149468213
psi,0.12001239829542137,1921,22,0.012576074149468213
psi,0.12001239829542137,1921,23,0.012576074149468213
psi,0.12001239829542137,1921,24,0.012576074149468213
psi,0.12001239829542137,1921,25,4.321871156993538
psi,0.12001239829542137,1985,0,0.595851949016081
psi,0.12001239829542137,1985,1,0.595851949016081
psi,0.12001239829542137,1985,2,0.3091098975742786
psi,0.12001239829542137,1985,3,1.1552062866716817
psi,0.12001239829542137,1985,4,0.012576074149468213
psi,0.12001239829542137,1985,5,0.012576074149468213
psi,0.12001239829542137,1985,6,2.573197031948295
psi,0.12001239829542137,1985,7,0.3315130401464859
psi,0.12001239829542137,1985,8,0.834431704862817
psi,0.12001239829542137,1985,9,0.012576074149468213
psi,0.12001239829542137,1985,10,0.4911051205523918
psi,0.12001239829542137,1985,11,0.012576074149468213
psi,0.12001239829542137,1985,12,0.5603535335379469
psi,0.12001239829542137,1985,13,0.6933683193354523
psi,0.12001239829542137,1985,14,2.3406811786588237
psi,0.12001239829542137,1985,15,0.6496273187934343
psi,0.12001239829542137,1985,16,0.4025595777858474
psi,0.12001239829542137,1985,17,1.7556269728388454
psi,0.12001239829542137,1985,18,1.831916734687367
psi,0.12001239829542137,1985,19,0.012576074149468213
psi,0.12001239829542137,1985,20,5.8347912565135776
psi,0.12001239829542137,1985,21,0.012576074149468213
psi,0.12001239829542137,1985,22,0.012576074149468213
psi,0.12001239829542137,1985,23,0.012576074149468213
psi,0.12001239829542137,1985,24,0.012576074149468213
psi,0.12001239829542137,1985,25,4.186175868169865
psi,0.12001239829542137,2049,0,0.7774992711926598
psi,0.12001239829542137,2049,1,0.7774992711926598
psi,0.12001239829542137,2049,2,0.5361162768570202
psi,0.12001239829542137,2049,3,1.1552062866716817
psi,0.12001239829542137,2049,4,0.012576074149468213
psi,0.12001239829542137,2049,5,0.012576074149468213
psi,0.12001239829542137,2049,6,2.0289195584341577
psi,0.12001239829542137,2049,7,0.4629629212761547
psi,0.12001239829542137,2049,8,0.5276787844866753
psi,0.12001239829542137,2049,9,0.012576074149468213
psi,0.12001239829542137,2049,10,0.4911051205523918
psi,0.12001239829542137,2049,11,0.012576074149468213
psi,0.12001239829542137,2049,12,0.5899920789095858
psi,0.12001239829542137,2049,13,0.6045620408757986
psi,0.12001239829542137,2049,14,2.4827252171673546
psi,0.12001239829542137,2049,15,0.5559405213043334
psi,0.12001239829542137,2049,16,0.356270821480607
psi,0.12001239829542137,2049,17,1.635815509952261
psi,0.12001239829542137,2049,18,1.574876961969418
psi,0.12001239829542137,2049,19,0.012576074149468213
psi,0.12001239829542137,2049,20,5.8347912565135776
psi,0.12001239829542137,2049,21,0.012576074149468213
psi,0.12001239829542137,2049,22,0.012576074149468213
psi,0.12001239829542137,2049,23,0.012576074149468213
psi,0.12001239829542137,2049,24,0.012576074149468213
psi,0.12001239829542137,2049,25,4.070709401574631
psi,0.12001239829542137,2113,0,0.5529346858825829
psi,0.12001239829542137,2113,1,0.5529346858825829
psi,0.12001239829542137,2113,2,0.2438422513607891
psi,0.12001239829542137,2113,3,1.1552062866716817
psi,0.12001239829542137,2113,4,0.012576074149468213
psi,0.12001239829542137,2113,5,0.012576074149468213
psi,0.12001239829542137,2113,6,2.1214019974710214
psi,0.12001239829542137,2113,7,0.4629629212761547
psi,0.12001239829542137,2113,8,0.46014553974526406
psi,0.12001239829542137,2113,9,0.012576074149468213
psi,0.12001239829542137,2113,10,0.4911051205523918
psi,0.12001239829542137,2113,11,0.012576074149468213
psi,0.12001239829542137,2113,12,0.3356541865297413
psi,0.12001239829542137,2113,13,0.6575435743478624
psi,0.12001239829542137,2113,14,2.1218491926195675
psi,0.12001239829542137,2113,15,0.5799735813434868
psi,0.12001239829542137,2113,16,0.1775883260923239
psi,0.12001239829542137,2113,17,1.7430107292056496
psi,0.12001239829542137,2113,18,1.9944436743815772
psi,0.12001239829542137,2113,19,0.012576074149468213
psi,0.12001239829542137,2113,20,5.8347912565135776
psi,0.12001239829542137,2113,21,0.012576074149468213
psi,0.12001239829542137,2113,22,0.012576074149468213
psi,0.12001239829542137,2113,23,0.012576074149468213
psi,0.12001239829542137,2113,24,0.012576074149468213
psi,0.12001239829542137,2113,25,4.02952525150258
psi,0.12001239829542137,2177,0,0.6188262690905848
psi,0.12001239829542137,2177,1,0.6188262690905848
psi,0.12001239829542137,2177,2,0.2789619434731656
psi,0.12001239829542137,2177,3,1.1552062866716817
psi,0.12001239829542137,2177,4,0.012576074149468213
psi,0.12001239829542137,2177,5,0.012576074149468213
psi,0.12001239829542137,2177,6,2.159253538848446
psi,0.12001239829542137,2177,7,0.4629629212761547
psi,0.12001239829542137,2177,8,0.46014553974526406
psi,0.12001239829542137,2177,9,0.012576074149468213
psi,0.12001239829542137,2177,10,0.4911051205523918
psi,0.12001239829542137,2177,11,0.012576074149468213
psi,0.12001239829542137,2177,12,0.4519458888728873
psi,0.12001239829542137,2177,13,0.6286737491473937
psi,0.12001239829542137,2177,14,2.2947476596045897
psi,0.12001239829542137,2177,15,0.5559405213043334
psi,0.12001239829542137,2177,16,0.19558173648912347
psi,0.12001239829542137,2177,17,1.5621643319797398
psi,0.12001239829542137,2177,18,1.934396321740143
psi,0.12001239829542137,2177,19,0.012576074149468213
psi,0.12001239829542137,2177,20,5.8347912565135776
psi,0.12001239829542137,2177,21,0.012576074149468213
psi,0.12001239829542137,2177,22,0.012576074149468213
psi,0.12001239829542137,2177,23,0.012576074149468213
psi,0.12001239829542137,2177,24,0.012576074149468213
psi,0.12001239829542137,2177,25,3.910443436078003
psi,0.12001239829542137,2241,0,0.6508364372076423
psi,0.12001239829542137,2241,1,0.6508364372076423
psi,0.12001239829542137,2241,2,0.34472678043839244
psi,0.12001239829542137,2241,3,1.1552062866716817
psi,0.12001239829542137,2241,4,0.012576074149468213
psi,0.12001239829542137,2241,5,0.012576074149468213
psi,0.12001239829542137,2241,6,2.629368337739797
psi,0.12001239829542137,2241,7,0.4629629212761547
psi,0.12001239829542137,2241,8,0.46014553974526406
psi,0.12001239829542137,2241,9,0.012576074149468213
psi,0.12001239829542137,2241,10,0.4911051205523918
psi,0.12001239829542137,2241,11,0.012576074149468213
psi,0.12001239829542137,2241,12,0.4741698486520668
psi,0.12001239829542137,2241,13,0.5660154006893044
psi,0.12001239829542137,2241,14,2.6617177514830717
psi,0.12001239829542137,2241,15,0.5045209034126341
psi,0.12001239829542137,2241,16,0.2322672151735541
psi,0.12001239829542137,2241,17,1.5195912587178313
psi,0.12001239829542137,2241,18,1.8804337626013536
psi,0.12001239829542137,2241,19,0.012576074149468213
psi,0.12001239829542137,2241,20,5.8347912565135776
psi,0.12001239829542137,2241,21,0.012576074149468213
psi,0.12001239829542137,2241,22,0.012576074149468213
psi,0.12001239829542137,2241,23,0.012576074149468213
psi,0.12001239829542137,2241,24,0.012576074149468213
psi,0.12001239829542137,2241,25,3.958259322261831
psi,0.12001239829542137,2305,0,0.7132493111837295
psi,0.12001239829542137,2305,1,0.7132493111837295
psi,0.12001239829542137,2305,2,0.3917112689669284
psi,0.12001239829542137,2305,3,1.1552062866716817
psi,0.12001239829542137,2305,4,0.012576074149468213
psi,0.12001239829542137,2305,5,0.012576074149468213
psi,0.12001239829542137,2305,6,2.90947318185421
psi,0.12001239829542137,2305,7,0.4629629212761547
psi,0.12001239829542137,2305,8,0.6276650684936816
psi,0.12001239829542137,2305,9,0.012576074149468213
psi,0.12001239829542137,2305,10,0.4911051205523918
psi,0.12001239829542137,2305,11,0.012576074149468213
psi,0.12001239829542137,2305,12,0.4647543693048526
psi,0.12001239829542137,2305,13,0.6286737491473937
psi,0.12001239829542137,2305,14,2.7453535753252094
psi,0.12001239829542137,2305,15,0.5559405213043334
psi,0.12001239829542137,2305,16,0.1613628558158425
psi,0.12001239829542137,2305,17,1.5906587359124438
psi,0.12001239829542137,2305,18,2.0907683364078182
psi,0.12001239829542137,2305,19,0.012576074149468213
psi,0.12001239829542137,2305,20,5.8347912565135776
psi,0.12001239829542137,2305,21,0.012576074149468213
psi,0.12001239829542137,2305,22,0.012576074149468213
psi,0.12001239829542137,2305,23,0.012576074149468213
psi,0.12001239829542137,2305,24,0.012576074149468213
psi,0.12001239829542137,2305,25,3.959719936623626
psi,0.12001239829542137,2369,0,0.6762225105900899
psi,0.12001239829542137,2369,1,0.6762225105900899
psi,0.12001239829542137,2369,2,0.3760419755805703
psi,0.12001239829542137,2369,3,1.1552062866716817
psi,0.12001239829542137,2369,4,0.012576074149468213
psi,0.12001239829542137,2369,5,0.012576074149468213
psi,0.12001239829542137,2369,6,3.062844232115842
psi,0.12001239829542137,2369,7,0.4629629212761547
psi,0.12001239829542137,2369,8,0.834431704862817
psi,0.12001239829542137,2369,9,0.012576074149468213
psi,0.12001239829542137,2369,10,0.4911051205523918
psi,0.12001239829542137,2369,11,0.012576074149468213
psi,0.12001239829542137,2369,12,0.5294506757794551
psi,0.12001239829542137,2369,13,0.5023441935488131
psi,0.12001239829542137,2369,14,2.8606428283249796
psi,0.12001239829542137,2369,15,0.5559405213043334
psi,0.12001239829542137,2369,16,0.28058372629409517
psi,0.12001239829542137,2369,17,1.8793901383865539
psi,0.12001239829542137,2369,18,2.2830064056691204
psi,0.12001239829542137,2369,19,0.012576074149468213
psi,0.12001239829542137,2369,20,5.8347912565135776
psi,0.12001239829542137,2369,21,0.012576074149468213
psi,0.12001239829542137,2369,22,0.012576074149468213
psi,0.12001239829542137,2369,23,0.012576074149468213
psi,0.12001239829542137,2369,24,0.012576074149468213
psi,0.12001239829542137,2369,25,4.084690831887633
psi,0.12001239829542137,2433,0,0.8735928277002354
psi,0.12001239829542137,2433,1,0.8735928277002354
psi,0.12001239829542137,2433,2,0.674971138425954
psi,0.12001239829542137,2433,3,1.1552062866716817
psi,0.12001239829542137,2433,4,0.012576074149468213
psi,0.12001239829542137,2433,5,0.012576074149468213
psi,0.12001239829542137,2433,6,2.824685623942557
psi,0.12001239829542137,2433,7,0.4629629212761547
psi,0.12001239829542137,2433,8,0.834431704862817
psi,0.12001239829542137,2433,9,0.012576074149468213
psi,0.12001239829542137,2433,10,0.4911051205523918
psi,0.12001239829542137,2433,11,0.012576074149468213
psi,0.12001239829542137,2433,12,0.6592438161191925
psi,0.12001239829542137,2433,13,0.5023441935488131
psi,0.12001239829542137,2433,14,2.8243446636635845
psi,0.12001239829542137,2433,15,0.5559405213043334
psi,0.12001239829542137,2433,16,0.42967325854702143
psi,0.12001239829542137,2433,17,2.036254095624789
psi,0.12001239829542137,2433,18,2.3745787175948094
psi,0.12001239829542137,2433,19,0.012576074149468213
psi,0.12001239829542137,2433,20,5.8347912565135776
psi,0.12001239829542137,2433,21,0.012576074149468213
psi,0.12001239829542137,2433,22,0.012576074149468213
psi,0.12001239829542137,2433,23,0.012576074149468213
psi,0.12001239829542137,2433,24,0.012576074149468213
psi,0.12001239829542137,2433,25,4.2576549326294595
psi,0.12001239829542137,2497,0,0.7527063049045597
psi,0.12001239829542137,2497,1,0.7527063049045597
psi,0.12001239829542137,2497,2,0.5471562274768984
psi,0.12001239829542137,2497,3,0.6132568416028353
psi,0.12001239829542137,2497,4,0.012576074149468213
psi,0.12001239829542137,2497,5,0.012576074149468213
psi,0.12001239829542137,2497,6,2.5588625045750355
psi,0.12001239829542137,2497,7,0.4629629212761547
psi,0.12001239829542137,2497,8,0.834431704862817
psi,0.12001239829542137,2497,9,0.012576074149468213
psi,0.12001239829542137,2497,10,0.4911051205523918
psi,0.12001239829542137,2497,11,0.012576074149468213
psi,0.12001239829542137,2497,12,0.5932266016044048
psi,0.12001239829542137,2497,13,0.5362365625842201
psi,0.12001239829542137,2497,14,2.2961253506217325
psi,0.12001239829542137,2497,15,0.6496273187934343
psi,0.12001239829542137,2497,16,0.2869380884880067
psi,0.12001239829542137,2497,17,1.508304499259125
psi,0.12001239829542137,2497,18,1.760264350424802
psi,0.12001239829542137,2497,19,0.012576074149468213
psi,0.12001239829542137,2497,20,1.989870180067855
psi,0.12001239829542137,2497,21,0.012576074149468213
psi,0.12001239829542137,2497,22,0.012576074149468213
psi,0.12001239829542137,2497,23,0.012576074149468213
psi,0.12001239829542137,2497,24,0.012576074149468213
psi,0.12001239829542137,2497,25,2.437068372893124
psi,0.12001239829542137,2561,0,0.7942521797913056
psi,0.12001239829542137,2561,1,0.7942521797913056
psi,0.12001239829542137,2561,2,0.5934941607474128
psi,0.12001239829542137,2561,3,0.6132568416028353
psi,0.12001239829542137,2561,4,0.012576074149468213
psi,0.12001239829542137,2561,5,0.012576074149468213
psi,0.12001239829542137,2561,6,2.830043680327553
psi,0.12001239829542137,2561,7,0.4629629212761547
psi,0.12001239829542137,2561,8,0.5276787844866753
psi,0.12001239829542137,2561,9,0.012576074149468213
psi,0.12001239829542137,2561,10,0.4911051205523918
psi,0.12001239829542137,2561,11,0.012576074149468213
psi,0.12001239829542137,2561,12,0.689053095170229
psi,0.12001239829542137,2561,13,0.5362365625842201
psi,0.12001239829542137,2561,14,2.2198158916805824
psi,0.12001239829542137,2561,15,0.708344342553173
psi,0.12001239829542137,2561,16,0.2407693159856367
psi,0.12001239829542137,2561,17,1.2917665225961095
psi,0.12001239829542137,2561,18,1.5666106735851173
psi,0.12001239829542137,2561,19,0.012576074149468213
psi,0.12001239829542137,2561,20,0.6845311199942201
psi,0.12001239829542137,2561,21,0.012576074149468213
psi,0.12001239829542137,2561,22,0.012576074149468213
psi,0.12001239829542137,2561,23,0.012576074149468213
psi,0.12001239829542137,2561,24,0.012576074149468213
psi,0.12001239829542137,2561,25,1.5047576507555178
psi,0.12001239829542137,2625,0,0.7904976419463046
psi,0.12001239829542137,2625,1,0.7904976419463046
psi,0.12001239829542137,2625,2,0.5685679853239877
psi,0.12001239829542137,2625,3,0.6132568416028353
psi,0.12001239829542137,2625,4,0.012576074149468213
psi,0.12001239829542137,2625,5,0.012576074149468213
psi,0.12001239829542137,2625,6,2.649975085393014
psi,0.12001239829542137,2625,7,0.4629629212761547
psi,0.12001239829542137,2625,8,0.3026392401031771
psi,0.12001239829542137,2625,9,0.012576074149468213
psi,0.12001239829542137,2625,10,0.4911051205523918
psi,0.12001239829542137,2625,11,0.012576074149468213
psi,0.12001239829542137,2625,12,0.5886506540008722
psi,0.12001239829542137,2625,13,0.6933683193354523
psi,0.12001239829542137,2625,14,1.9327061762321454
psi,0.12001239829542137,2625,15,0.6496273187934343
psi,0.12001239829542137,2625,16,0.16243140975738657
psi,0.12001239829542137,2625,17,0.8087206734382459
psi,0.12001239829542137,2625,18,0.9868214712994955
psi,0.12001239829542137,2625,19,0.012576074149468213
psi,0.12001239829542137,2625,20,0.1121947557556931
psi,0.12001239829542137,2625,21,0.012576074149468213
psi,0.12001239829542137,2625,22,0.012576074149468213
psi,0.12001239829542137,2625,23,0.012576074149468213
psi,0.12001239829542137,2625,24,0.012576074149468213
psi,0.12001239829542137,2625,25,0.8847934431753736
psi,0.12001239829542137,2689,0,0.9853621789037488
psi,0.12001239829542137,2689,1,0.9853621789037488
psi,0.12001239829542137,2689,2,0.6150039271872623
psi,0.12001239829542137,2689,3,0.6132568416028353
psi,0.12001239829542137,2689,4,0.012576074149468213
psi,0.12001239829542137,2689,5,0.012576074149468213
psi,0.12001239829542137,2689,6,2.5476733241706992
psi,0.12001239829542137,2689,7,0.3315130401464859
psi,0.12001239829542137,2689,8,0.2531807347551959
psi,0.12001239829542137,2689,9,0.012576074149468213
psi,0.12001239829542137,2689,10,0.4911051205523918
psi,0.12001239829542137,2689,11,0.012576074149468213
psi,0.12001239829542137,2689,12,0.66634074567014
psi,0.12001239829542137,2689,13,0.6286737491473937
psi,0.12001239829542137,2689,14,1.867314861452536
psi,0.12001239829542137,2689,15,0.6099673184050398
psi,0.12001239829542137,2689,16,0.2918620988754187
psi,0.12001239829542137,2689,17,0.6698829501794937
psi,0.12001239829542137,2689,18,0.7402169876591705
psi,0.12001239829542137,2689,19,0.012576074149468213
psi,0.12001239829542137,2689,20,0.09596254476920853
psi,0.12001239829542137,2689,21,0.012576074149468213
psi,0.12001239829542137,2689,22,0.012576074149468213
psi,0.12001239829542137,2689,23,0.012576074149468213
psi,0.12001239829542137,2689,24,0.012576074149468213
psi,0.12001239829542137,2689,25,0.9484482897890678
psi,0.12001239829542137,2753,0,1.0062881590593746
psi,0.12001239829542137,2753,1,1.0062881590593746
psi,0.12001239829542137,2753,2,0.4916162550395298
psi,0.12001239829542137,2753,3,0.5789180261344482
psi,0.12001239829542137,2753,4,0.012576074149468213
psi,0.12001239829542137,2753,5,0.012576074149468213
psi,0.12001239829542137,2753,6,2.2660066050145278
psi,0.12001239829542137,2753,7,0.26782598304448624
psi,0.12001239829542137,2753,8,0.19637703188456057
psi,0.12001239829542137,2753,9,0.012576074149468213
psi,0.12001239829542137,2753,10,0.05899656823336617
psi,0.12001239829542137,2753,11,0.012576074149468213
psi,0.12001239829542137,2753,12,0.7125862604573541
psi,0.12001239829542137,2753,13,0.5660154006893044
psi,0.12001239829542137,2753,14,1.5367808325637062
psi,0.12001239829542137,2753,15,0.43561396104082345
psi,0.12001239829542137,2753,16,0.31053159723261325
psi,0.12001239829542137,2753,17,0.5995099625841319
psi,0.12001239829542137,2753,18,0.644373307439701
psi,0.12001239829542137,2753,19,0.012576074149468213
psi,0.12001239829542137,2753,20,0.11107304483561715
psi,0.12001239829542137,2753,21,0.012576074149468213
psi,0.12001239829542137,2753,22,0.012576074149468213
psi,0.12001239829542137,2753,23,0.012576074149468213
psi,0.12001239829542137,2753,24,0.012576074149468213
psi,0.12001239829542137,2753,25,0.639487705505903
psi,0.12001239829542137,2817,0,0.9324229910179307
psi,0.12001239829542137,2817,1,0.9324229910179307
psi,0.12001239829542137,2817,2,0.389129583943168
psi,0.12001239829542137,2817,3,0.5789180261344482
psi,0.12001239829542137,2817,4,0.012576074149468213
psi,0.12001239829542137,2817,5,0.012576074149468213
psi,0.12001239829542137,2817,6,2.198821898586182
psi,0.12001239829542137,2817,7,0.16701337778068634
psi,0.12001239829542137,2817,8,0.12967223800155867
psi,0.12001239829542137,2817,9,0.012576074149468213
psi,0.12001239829542137,2817,10,0.05899656823336617
psi,0.12001239829542137,2817,11,0.012576074149468213
psi,0.12001239829542137,2817,12,0.5479447694108265
psi,0.12001239829542137,2817,13,0.5023441935488131
psi,0.12001239829542137,2817,14,2.124128302237238
psi,0.12001239829542137,2817,15,0.2564565858081564
psi,0.12001239829542137,2817,16,0.1263879959548481
psi,0.12001239829542137,2817,17,0.6401634490513762
psi,0.12001239829542137,2817,18,0.675267649600174
psi,0.12001239829542137,2817,19,0.012576074149468213
psi,0.12001239829542137,2817,20,0.10220716539004385
psi,0.12001239829542137,2817,21,0.012576074149468213
psi,0.12001239829542137,2817,22,0.012576074149468213
psi,0.12001239829542137,2817,23,0.012576074149468213
psi,0.12001239829542137,2817,24,0.012576074149468213
psi,0.12001239829542137,2817,25,0.45334942474697876
psi,0.12001239829542137,2881,0,1.1153715878720518
psi,0.12001239829542137,2881,1,1.1153715878720518
psi,0.12001239829542137,2881,2,0.6241614888809135
psi,0.12001239829542137,2881,3,0.5789180261344482
psi,0.12001239829542137,2881,4,0.012576074149468213
psi,0.12001239829542137,2881,5,0.012576074149468213
psi,0.12001239829542137,2881,6,2.493601677091387
psi,0.12001239829542137,2881,7,0.14570829863667425
psi,0.12001239829542137,2881,8,0.10952777403116526
psi,0.12001239829542137,2881,9,0.012576074149468213
psi,0.12001239829542137,2881,10,0.05899656823336617
psi,0.12001239829542137,2881,11,0.012576074149468213
psi,0.12001239829542137,2881,12,0.9407367167486531
psi,0.12001239829542137,2881,13,0.4773775793078453
psi,0.12001239829542137,2881,14,3.1256012788990115
psi,0.12001239829542137,2881,15,0.20908409560210678
psi,0.12001239829542137,2881,16,0.1020897125626613
psi,0.12001239829542137,2881,17,0.8131148374373335
psi,0.12001239829542137,2881,18,0.8057513161652731
psi,0.12001239829542137,2881,19,0.012576074149468213
psi,0.12001239829542137,2881,20,0.6586456529512563
psi,0.12001239829542137,2881,21,0.012576074149468213
psi,0.12001239829542137,2881,22,0.012576074149468213
psi,0.12001239829542137,2881,23,0.012576074149468213
psi,0.12001239829542137,2881,24,0.012576074149468213
psi,0.12001239829542137,2881,25,0.8120460563031064
psi,0.12001239829542137,2945,0,1.8122376565659732
psi,0.12001239829542137,2945,1,1.8122376565659732
psi,0.12001239829542137,2945,2,1.4617123213226086
psi,0.12001239829542137,2945,3,0.5789180261344482
psi,0.12001239829542137,2945,4,0.012576074149468213
psi,0.12001239829542137,2945,5,0.012576074149468213
psi,0.12001239829542137,2945,6,3.1254325916417507
psi,0.12001239829542137,2945,7,0.1121773817502176
psi,0.12001239829542137,2945,8,0.08441433019723726
psi,0.12001239829542137,2945,9,0.012576074149468213
psi,0.12001239829542137,2945,10,0.05899656823336617
psi,0.12001239829542137,2945,11,0.012576074149468213
psi,0.12001239829542137,2945,12,1.4866183729736901
psi,0.12001239829542137,2945,13,0.4644017193645086
psi,0.12001239829542137,2945,14,4.480922604180171
psi,0.12001239829542137,2945,15,0.15694023044686245
psi,0.12001239829542137,2945,16,0.2402721359905454
psi,0.12001239829542137,2945,17,1.1680386871151665
psi,0.12001239829542137,2945,18,1.0778583985028374
psi,0.12001239829542137,2945,19,0.012576074149468213
psi,0.12001239829542137,2945,20,1.9254493376384092
psi,0.12001239829542137,2945,21,0.012576074149468213
psi,0.12001239829542137,2945,22,0.012576074149468213
psi,0.12001239829542137,2945,23,0.012576074149468213
psi,0.12001239829542137,2945,24,0.012576074149468213
psi,0.12001239829542137,2945,25,2.074222881556317
psi,0.12001239829542137,3009,0,2.627102453326325
psi,0.12001239829542137,3009,1,2.627102453326325
psi,0.12001239829542137,3009,2,1.9899409240904717
psi,0.12001239829542137,3009,3,1.1552062866716817
psi,0.12001239829542137,3009,4,0.012576074149468213
psi,0.12001239829542137,3009,5,0.012576074149468213
psi,0.12001239829542137,3009,6,4.381851899101622
psi,0.12001239829542137,3009,7,0.08690075599728461
psi,0.12001239829542137,3009,8,0.10053039430678626
psi,0.12001239829542137,3009,9,0.012576074149468213
psi,0.12001239829542137,3009,10,0.4911051205523918
psi,0.12001239829542137,3009,11,0.012576074149468213
psi,0.12001239829542137,3009,12,2.14408348934885
psi,0.12001239829542137,3009,13,0.22544415088463018
psi,0.12001239829542137,3009,14,6.417214409981627
psi,0.12001239829542137,3009,15,0.10036608911221971
psi,0.12001239829542137,3009,16,0.29526333041624797
psi,0.12001239829542137,3009,17,1.5189851115166046
psi,0.12001239829542137,3009,18,1.1960087154331045
psi,0.12001239829542137,3009,19,0.012576074149468213
psi,0.12001239829542137,3009,20,5.8347912565135776
psi,0.12001239829542137,3009,21,0.012576074149468213
psi,0.12001239829542137,3009,22,0.012576074149468213
psi,0.12001239829542137,3009,23,0.012576074149468213
psi,0.12001239829542137,3009,24,0.012576074149468213
psi,0.12001239829542137,3009,25,3.5389159506543053
psi,0.12001239829542137,3073,0,2.677139708702699
psi,0.12001239829542137,3073,1,2.677139708702699
psi,0.12001239829542137,3073,2,2.1110719159495996
psi,0.12001239829542137,3073,3,1.1552062866716817
psi,0.12001239829542137,3073,4,0.012576074149468213
psi,0.12001239829542137,3073,5,0.012576074149468213
psi,0.12001239829542137,3073,6,4.547990799459001
psi,0.12001239829542137,3073,7,0.1121773817502176
psi,0.12001239829542137,3073,8,0.11922093525838283
psi,0.12001239829542137,3073,9,0.012576074149468213
psi,0.12001239829542137,3073,10,0.4911051205523918
psi,0.12001239829542137,3073,11,0.012576074149468213
psi,0.12001239829542137,3073,12,2.2404748140899877
psi,0.12001239829542137,3073,13,0.2348223261795373
psi,0.12001239829542137,3073,14,6.624545178773714
psi,0.12001239829542137,3073,15,0.11615701587719464
psi,0.12001239829542137,3073,16,0.34537046953804484
psi,0.12001239829542137,3073,17,1.5818654160739751
psi,0.12001239829542137,3073,18,1.240375796602747
psi,0.12001239829542137,3073,19,0.012576074149468213
psi,0.12001239829542137,3073,20,5.8347912565135776
psi,0.12001239829542137,3073,21,0.012576074149468213
psi,0.12001239829542137,3073,22,0.012576074149468213
psi,0.12001239829542137,3073,23,0.012576074149468213
psi,0.12001239829542137,3073,24,0.012576074149468213
psi,0.12001239829542137,3073,25,3.5389159506543053
psi,0.12001239829542137,3137,0,2.7451280377284113
psi,0.12001239829542137,3137,1,2.7451280377284113
psi,0.12001239829542137,3137,2,2.1639259209584503
psi,0.12001239829542137,3137,3,1.1552062866716817
psi,0.12001239829542137,3137,4,0.012576074149468213
psi,0.12001239829542137,3137,5,0.012576074149468213
psi,0.12001239829542137,3137,6,4.831609561654981
psi,0.12001239829542137,3137,7,0.08690075599728461
psi,0.12001239829542137,3137,8,0.16637023203129173
psi,0.12001239829542137,3137,9,0.012576074149468213
psi,0.12001239829542137,3137,10,0.4911051205523918
psi,0.12001239829542137,3137,11,0.012576074149468213
psi,0.12001239829542137,3137,12,2.308933644721334
psi,0.12001239829542137,3137,13,0.1993814314032007
psi,0.12001239829542137,3137,14,6.951557606738022
psi,0.12001239829542137,3137,15,0.10324062843928866
psi,0.12001239829542137,3137,16,0.29050321092889886
psi,0.12001239829542137,3137,17,1.5119445706980241
psi,0.12001239829542137,3137,18,1.1005519927751741
psi,0.12001239829542137,3137,19,0.012576074149468213
psi,0.12001239829542137,3137,20,5.8347912565135776
psi,0.12001239829542137,3137,21,0.012576074149468213
psi,0.12001239829542137,3137,22,0.012576074149468213
psi,0.12001239829542137,3137,23,0.012576074149468213
psi,0.12001239829542137,3137,24,0.012576074149468213
psi,0.12001239829542137,3137,25,3.53492831407608
psi,0.12001239829542137,3201,0,2.8693094857468795
psi,0.12001239829542137,3201,1,2.8693094857468795
psi,0.12001239829542137,3201,2,2.277220833621213
psi,0.12001239829542137,3201,3,1.1552062866716817
psi,0.12001239829542137,3201,4,0.012576074149468213
psi,0.12001239829542137,3201,5,0.012576074149468213
psi,0.12001239829542137,3201,6,5.028124843729155
psi,0.12001239829542137,3201,7,0.098703987880287
psi,0.12001239829542137,3201,8,0.21350160626213557
psi,0.12001239829542137,3201,9,0.012576074149468213
psi,0.12001239829542137,3201,10,0.4911051205523918
psi,0.12001239829542137,3201,11,0.012576074149468213
psi,0.12001239829542137,3201,12,2.378508919063288
psi,0.12001239829542137,3201,13,0.19104105988003559
psi,0.12001239829542137,3201,14,7.303828468817517
psi,0.12001239829542137,3201,15,0.08555241951325211
psi,0.12001239829542137,3201,16,0.28620003267108696
psi,0.12001239829542137,3201,17,1.6139497968653247
psi,0.12001239829542137,3201,18,1.1677431499945465
psi,0.12001239829542137,3201,19,0.012576074149468213
psi,0.12001239829542137,3201,20,5.8347912565135776
psi,0.12001239829542137,3201,21,0.012576074149468213
psi,0.12001239829542137,3201,22,0.012576074149468213
psi,0.12001239829542137,3201,23,0.012576074149468213
psi,0.12001239829542137,3201,24,0.012576074149468213
psi,0.12001239829542137,3201,25,3.5401450236302225
psi,0.12001239829542137,3265,0,2.9549060239593166
psi,0.12001239829542137,3265,1,2.9549060239593166
psi,0.12001239829542137,3265,2,2.319774661986897
psi,0.12001239829542137,3265,3,1.1552062866716817
psi,0.12001239829542137,3265,4,0.012576074149468213
psi,0.12001239829542137,3265,5,0.012576074149468213
psi,0.12001239829542137,3265,6,4.948486572889878
psi,0.12001239829542137,3265,7,0.14570829863667425
psi,0.12001239829542137,3265,8,0.09217489308934418
psi,0.12001239829542137,3265,9,0.012576074149468213
psi,0.12001239829542137,3265,10,0.4911051205523918
psi,0.12001239829542137,3265,11,0.012576074149468213
psi,0.12001239829542137,3265,12,2.419647947000827
psi,0.12001239829542137,3265,13,0.3122593265417429
psi,0.12001239829542137,3265,14,6.718387243925177
psi,0.12001239829542137,3265,15,0.09243648004228558
psi,0.12001239829542137,3265,16,0.3005171983670376
psi,0.12001239829542137,3265,17,1.5968466294701233
psi,0.12001239829542137,3265,18,1.24337241079308
psi,0.12001239829542137,3265,19,0.012576074149468213
psi,0.12001239829542137,3265,20,5.8347912565135776
psi,0.12001239829542137,3265,21,0.012576074149468213
psi,0.12001239829542137,3265,22,0.012576074149468213
psi,0.12001239829542137,3265,23,0.012576074149468213
psi,0.12001239829542137,3265,24,0.012576074149468213
psi,0.12001239829542137,3265,25,3.5399557223118636
psi,0.12001239829542137,3329,0,2.7290349664961697
psi,0.12001239829542137,3329,1,2.7290349664961697
psi,0.12001239829542137,3329,2,2.037165789402136
psi,0.12001239829542137,3329,3,1.1552062866716817
psi,0.12001239829542137,3329,4,0.012576074149468213
psi,0.12001239829542137,3329,5,0.012576074149468213
psi,0.12001239829542137,3329,6,4.547990799459001
psi,0.12001239829542137,3329,7,0.14570829863667425
psi,0.12001239829542137,3329,8,0.09217489308934418
psi,0.12001239829542137,3329,9,0.012576074149468213
psi,0.12001239829542137,3329,10,0.4911051205523918
psi,0.12001239829542137,3329,11,0.012576074149468213
psi,0.12001239829542137,3329,12,2.1602642832900565
psi,0.12001239829542137,3329,13,0.3098405042041928
psi,0.12001239829542137,3329,14,6.411407337941195
psi,0.12001239829542137,3329,15,0.083077806483059
psi,0.12001239829542137,3329,16,0.2540362504911428
psi,0.12001239829542137,3329,17,1.4127782346068798
psi,0.12001239829542137,3329,18,1.0625796459585617
psi,0.12001239829542137,3329,19,0.012576074149468213
psi,0.12001239829542137,3329,20,5.8347912565135776
psi,0.12001239829542137,3329,21,0.012576074149468213
psi,0.12001239829542137,3329,22,0.012576074149468213
psi,0.12001239829542137,3329,23,0.012576074149468213
psi,0.12001239829542137,3329,24,0.012576074149468213
psi,0.12001239829542137,3329,25,3.552311310410829
psi,0.12001239829542137,3393,0,2.919760049619291
psi,0.12001239829542137,3393,1,2.919760049619291
psi,0.12001239829542137,3393,2,2.193899337781249
psi,0.12001239829542137,3393,3,1.1552062866716817
psi,0.12001239829542137,3393,4,0.012576074149468213
psi,0.12001239829542137,3393,5,0.012576074149468213
psi,0.12001239829542137,3393,6,4.43532779613746
psi,0.12001239829542137,3393,7,0.14570829863667425
psi,0.12001239829542137,3393,8,0.03966565460476264
psi,0.12001239829542137,3393,9,0.012576074149468213
psi,0.12001239829542137,3393,10,0.4911051205523918
psi,0.12001239829542137,3393,11,0.012576074149468213
psi,0.12001239829542137,3393,12,2.352496643506317
psi,0.12001239829542137,3393,13,0.42778190094418134
psi,0.12001239829542137,3393,14,5.9708828400533065
psi,0.12001239829542137,3393,15,0.08080182338479
psi,0.12001239829542137,3393,16,0.40623527487948363
psi,0.12001239829542137,3393,17,1.6973361987120172
psi,0.12001239829542137,3393,18,1.3130924448237247
psi,0.12001239829542137,3393,19,0.012576074149468213
psi,0.12001239829542137,3393,20,5.8347912565135776
psi,0.12001239829542137,3393,21,0.012576074149468213
psi,0.12001239829542137,3393,22,0.012576074149468213
psi,0.12001239829542137,3393,23,0.012576074149468213
psi,0.12001239829542137,3393,24,0.012576074149468213
psi,0.12001239829542137,3393,25,3.545400609434912
psi,0.12001239829542137,3457,0,2.900014275964004
psi,0.12001239829542137,3457,1,2.900014275964004
psi,0.12001239829542137,3457,2,2.151311822717424
psi,0.12001239829542137,3457,3,1.1552062866716817
psi,0.12001239829542137,3457,4,0.012576074149468213
psi,0.12001239829542137,3457,5,0.012576074149468213
psi,0.12001239829542137,3457,6,4.503803147191449
psi,0.12001239829542137,3457,7,0.16701337778068634
psi,0.12001239829542137,3457,8,0.026406219144565615
psi,0.12001239829542137,3457,9,0.012576074149468213
psi,0.12001239829542137,3457,10,0.4911051205523918
psi,0.12001239829542137,3457,11,0.012576074149468213
psi,0.12001239829542137,3457,12,2.3029185999540562
psi,0.12001239829542137,3457,13,0.42516964265589835
psi,0.12001239829542137,3457,14,5.80081071296478
psi,0.12001239829542137,3457,15,0.10628188579551398
psi,0.12001239829542137,3457,16,0.4132223528626431
psi,0.12001239829542137,3457,17,1.4418881720801475
psi,0.12001239829542137,3457,18,1.078939564823759
psi,0.12001239829542137,3457,19,0.012576074149468213
psi,0.12001239829542137,3457,20,5.8347912565135776
psi,0.12001239829542137,3457,21,0.012576074149468213
psi,0.12001239829542137,3457,22,0.012576074149468213
psi,0.12001239829542137,3457,23,0.012576074149468213
psi,0.12001239829542137,3457,24,0.012576074149468213
psi,0.12001239829542137,3457,25,3.545400609434912
psi,0.12001239829542137,3521,0,3.0865592323944337
psi,0.12001239829542137,3521,1,3.0865592323944337
psi,0.12001239829542137,3521,2,2.3307160597615115
psi,0.12001239829542137,3521,3,1.1552062866716817
psi,0.12001239829542137,3521,4,0.012576074149468213
psi,0.12001239829542137,3521,5,0.012576074149468213
psi,0.12001239829542137,3521,6,4.5540403522885375
psi,0.12001239829542137,3521,7,0.14570829863667425
psi,0.12001239829542137,3521,8,0.05325032544939621
psi,0.12001239829542137,3521,9,0.012576074149468213
psi,0.12001239829542137,3521,10,0.4911051205523918
psi,0.12001239829542137,3521,11,0.012576074149468213
psi,0.12001239829542137,3521,12,2.4094645055720942
psi,0.12001239829542137,3521,13,0.42923776232586874
psi,0.12001239829542137,3521,14,6.184067981658666
psi,0.12001239829542137,3521,15,0.10061212248327299
psi,0.12001239829542137,3521,16,0.373524398701342
psi,0.12001239829542137,3521,17,1.5256497064533177
psi,0.12001239829542137,3521,18,1.13684868190627
psi,0.12001239829542137,3521,19,0.012576074149468213
psi,0.12001239829542137,3521,20,5.8347912565135776
psi,0.12001239829542137,3521,21,0.012576074149468213
psi,0.12001239829542137,3521,22,0.012576074149468213
psi,0.12001239829542137,3521,23,0.012576074149468213
psi,0.12001239829542137,3521,24,0.012576074149468213
psi,0.12001239829542137,3521,25,3.545400609434912
psi,0.12001239829542137,3585,0,3.5673317784746503
psi,0.12001239829542137,3585,1,3.5673317784746503
psi,0.12001239829542137,3585,2,2.8231264886212233
psi,0.12001239829542137,3585,3,1.1552062866716817
psi,0.12001239829542137,3585,4,0.012576074149468213
psi,0.12001239829542137,3585,5,0.012576074149468213
psi,0.12001239829542137,3585,6,4.106259526845187
psi,0.12001239829542137,3585,7,0.16701337778068634
psi,0.12001239829542137,3585,8,0.06431426608819646
psi,0.12001239829542137,3585,9,0.012576074149468213
psi,0.12001239829542137,3585,10,0.4911051205523918
psi,0.12001239829542137,3585,11,0.012576074149468213
psi,0.12001239829542137,3585,12,2.8187874579460206
psi,0.12001239829542137,3585,13,0.4355611912463915
psi,0.12001239829542137,3585,14,5.963084547884847
psi,0.12001239829542137,3585,15,0.13389023524056998
psi,0.12001239829542137,3585,16,0.5650667214607332
psi,0.12001239829542137,3585,17,1.8132600330937565
psi,0.12001239829542137,3585,18,1.4068248353351915
psi,0.12001239829542137,3585,19,0.012576074149468213
psi,0.12001239829542137,3585,20,5.8347912565135776
psi,0.12001239829542137,3585,21,0.012576074149468213
psi,0.12001239829542137,3585,22,0.012576074149468213
psi,0.12001239829542137,3585,23,0.012576074149468213
psi,0.12001239829542137,3585,24,0.012576074149468213
psi,0.12001239829542137,3585,25,3.54214486546117
psi,0.12001239829542137,3649,0,3.2276347719937952
psi,0.12001239829542137,3649,1,3.2276347719937952
psi,0.12001239829542137,3649,2,2.5267707127156136
psi,0.12001239829542137,3649,3,1.1552062866716817
psi,0.12001239829542137,3649,4,0.012576074149468213
psi,0.12001239829542137,3649,5,0.012576074149468213
psi,0.12001239829542137,3649,6,3.4033136534977926
psi,0.12001239829542137,3649,7,0.26782598304448624
psi,0.12001239829542137,3649,8,0.1531531313826212
psi,0.12001239829542137,3649,9,0.012576074149468213
psi,0.12001239829542137,3649,10,0.4911051205523918
psi,0.12001239829542137,3649,11,0.012576074149468213
psi,0.12001239829542137,3649,12,2.6725929458590447
psi,0.12001239829542137,3649,13,0.4644017193645086
psi,0.12001239829542137,3649,14,5.596282343841819
psi,0.12001239829542137,3649,15,0.22383494716421876
psi,0.12001239829542137,3649,16,0.5556418816989119
psi,0.12001239829542137,3649,17,1.8587468963451141
psi,0.12001239829542137,3649,18,1.4172385930245874
psi,0.12001239829542137,3649,19,0.012576074149468213
psi,0.12001239829542137,3649,20,5.8347912565135776
psi,0.12001239829542137,3649,21,0.012576074149468213
psi,0.12001239829542137,3649,22,0.012576074149468213
psi,0.12001239829542137,3649,23,0.012576074149468213
psi,0.12001239829542137,3649,24,0.012576074149468213
psi,0.12001239829542137,3649,25,3.539627329045701
psi,0.12001239829542137,3713,0,3.1390607387154037
psi,0.12001239829542137,3713,1,3.1390607387154037
psi,0.12001239829542137,3713,2,2.4760132192451683
psi,0.12001239829542137,3713,3,1.1552062866716817
psi,0.12001239829542137,3713,4,0.012576074149468213
psi,0.12001239829542137,3713,5,0.012576074149468213
psi,0.12001239829542137,3713,6,2.9822785633192614
psi,0.12001239829542137,3713,7,0.26782598304448624
psi,0.12001239829542137,3713,8,0.23233579433031093
psi,0.12001239829542137,3713,9,0.012576074149468213
psi,0.12001239829542137,3713,10,0.4911051205523918
psi,0.12001239829542137,3713,11,0.012576074149468213
psi,0.12001239829542137,3713,12,2.6756848892169387
psi,0.12001239829542137,3713,13,0.550240926699551
psi,0.12001239829542137,3713,14,5.255271468723687
psi,0.12001239829542137,3713,15,0.31756696912417504
psi,0.12001239829542137,3713,16,0.6712837533452571
psi,0.12001239829542137,3713,17,2.1511802305054917
psi,0.12001239829542137,3713,18,1.7090072463564718
psi,0.12001239829542137,3713,19,0.012576074149468213
psi,0.12001239829542137,3713,20,5.8347912565135776
psi,0.12001239829542137,3713,21,0.012576074149468213
psi,0.12001239829542137,3713,22,0.012576074149468213
psi,0.12001239829542137,3713,23,0.012576074149468213
psi,0.12001239829542137,3713,24,0.012576074149468213
psi,0.12001239829542137,3713,25,3.533575937654816
psi,0.12001239829542137,3777,0,3.0364470194374213
psi,0.12001239829542137,3777,1,3.0364470194374213
psi,0.12001239829542137,3777,2,2.379746403066257
psi,0.12001239829542137,3777,3,1.1552062866716817
psi,0.12001239829542137,3777,4,0.012576074149468213
psi,0.12001239829542137,3777,5,0.012576074149468213
psi,0.12001239829542137,3777,6,2.642598977997298
psi,0.12001239829542137,3777,7,0.26782598304448624
psi,0.12001239829542137,3777,8,0.2764343951642541
psi,0.12001239829542137,3777,9,0.012576074149468213
psi,0.12001239829542137,3777,10,0.4911051205523918
psi,0.12001239829542137,3777,11,0.012576074149468213
psi,0.12001239829542137,3777,12,2.6168670707611996
psi,0.12001239829542137,3777,13,0.5660154006893044
psi,0.12001239829542137,3777,14,4.8652033464899285
psi,0.12001239829542137,3777,15,0.3570987463744151
psi,0.12001239829542137,3777,16,0.7677923057044913
psi,0.12001239829542137,3777,17,2.295035609556873
psi,0.12001239829542137,3777,18,1.876123511351496
psi,0.12001239829542137,3777,19,0.012576074149468213
psi,0.12001239829542137,3777,20,5.8347912565135776
psi,0.12001239829542137,3777,21,0.012576074149468213
psi,0.12001239829542137,3777,22,0.012576074149468213
psi,0.12001239829542137,3777,23,0.012576074149468213
psi,0.12001239829542137,3777,24,0.012576074149468213
psi,0.12001239829542137,3777,25,3.5362498046256476
psi,0.12001239829542137,3841,0,2.994293745344054
psi,0.12001239829542137,3841,1,2.994293745344054
psi,0.12001239829542137,3841,2,2.367902102767358
psi,0.12001239829542137,3841,3,1.1552062866716817
psi,0.12001239829542137,3841,4,0.012576074149468213
psi,0.12001239829542137,3841,5,0.012576074149468213
psi,0.12001239829542137,3841,6,2.4981892199670264
psi,0.12001239829542137,3841,7,0.26782598304448624
psi,0.12001239829542137,3841,8,0.36735193478732103
psi,0.12001239829542137,3841,9,0.012576074149468213
psi,0.12001239829542137,3841,10,0.4911051205523918
psi,0.12001239829542137,3841,11,0.012576074149468213
psi,0.12001239829542137,3841,12,2.606414523606984
psi,0.12001239829542137,3841,13,0.550240926699551
psi,0.12001239829542137,3841,14,4.754680108272807
psi,0.12001239829542137,3841,15,0.3075325677271644
psi,0.12001239829542137,3841,16,0.8564391817954855
psi,0.12001239829542137,3841,17,2.3275536615201746
psi,0.12001239829542137,3841,18,1.910995752444677
psi,0.12001239829542137,3841,19,0.012576074149468213
psi,0.12001239829542137,3841,20,5.8347912565135776
psi,0.12001239829542137,3841,21,0.012576074149468213
psi,0.12001239829542137,3841,22,0.012576074149468213
psi,0.12001239829542137,3841,23,0.012576074149468213
psi,0.12001239829542137,3841,24,0.012576074149468213
psi,0.12001239829542137,3841,25,3.543262555817438
psi,0.12001239829542137,3905,0,2.3875143191253705
psi,0.12001239829542137,3905,1,2.3875143191253705
psi,0.12001239829542137,3905,2,2.3547147404560893
psi,0.12001239829542137,3905,3,0.3745261811957269
psi,0.12001239829542137,3905,4,0.012576074149468213
psi,0.12001239829542137,3905,5,0.012576074149468213
psi,0.12001239829542137,3905,6,2.2435668943806157
psi,0.12001239829542137,3905,7,0.16701337778068634
psi,0.12001239829542137,3905,8,0.36735193478732103
psi,0.12001239829542137,3905,9,0.012576074149468213
psi,0.12001239829542137,3905,10,0.1091265237929714
psi,0.12001239829542137,3905,11,0.012576074149468213
psi,0.12001239829542137,3905,12,2.0313269881158025
psi,0.12001239829542137,3905,13,0.29365572667178075
psi,0.12001239829542137,3905,14,4.046561564447318
psi,0.12001239829542137,3905,15,0.17272704877626333
psi,0.12001239829542137,3905,16,0.7224187665425075
psi,0.12001239829542137,3905,17,1.7635831244761406
psi,0.12001239829542137,3905,18,1.516520644026907
psi,0.12001239829542137,3905,19,0.012576074149468213
psi,0.12001239829542137,3905,20,3.465381884790152
psi,0.12001239829542137,3905,21,0.012576074149468213
psi,0.12001239829542137,3905,22,0.012576074149468213
psi,0.12001239829542137,3905,23,0.012576074149468213
psi,0.12001239829542137,3905,24,0.012576074149468213
psi,0.12001239829542137,3905,25,3.248338922772241
psi,0.12001239829542137,3969,0,2.3831074378313706
psi,0.12001239829542137,3969,1,2.3831074378313706
psi,0.12001239829542137,3969,2,2.4188360056644354
psi,0.12001239829542137,3969,3,0.17274552378246366
psi,0.12001239829542137,3969,4,0.012576074149468213
psi,0.12001239829542137,3969,5,0.012576074149468213
psi,0.12001239829542137,3969,6,2.2846866823140086
psi,0.12001239829542137,3969,7,0.053141573575031194
psi,0.12001239829542137,3969,8,0.21350160626213557
psi,0.12001239829542137,3969,9,0.012576074149468213
psi,0.12001239829542137,3969,10,0.0458220477413361
psi,0.12001239829542137,3969,11,0.012576074149468213
psi,0.12001239829542137,3969,12,2.1204506593982835
psi,0.12001239829542137,3969,13,0.07542511347265804
psi,0.12001239829542137,3969,14,4.010400034576483
psi,0.12001239829542137,3969,15,0.1700938583241125
psi,0.12001239829542137,3969,16,0.7957334441918665
psi,0.12001239829542137,3969,17,1.604071915733842
psi,0.12001239829542137,3969,18,1.3071750655754657
psi,0.12001239829542137,3969,19,0.012576074149468213
psi,0.12001239829542137,3969,20,2.651927509578055
psi,0.12001239829542137,3969,21,0.012576074149468213
psi,0.12001239829542137,3969,22,0.012576074149468213
psi,0.12001239829542137,3969,23,0.012576074149468213
psi,0.12001239829542137,3969,24,0.012576074149468213
psi,0.12001239829542137,3969,25,3.0211875197602422
psi,0.12001239829542137,4033,0,2.3104945827450627
psi,0.12001239829542137,4033,1,2.3104945827450627
psi,0.12001239829542137,4033,2,2.4223690046492017
psi,0.12001239829542137,4033,3,0.17274552378246366
psi,0.12001239829542137,4033,4,0.012576074149468213
psi,0.12001239829542137,4033,5,0.012576074149468213
psi,0.12001239829542137,4033,6,2.8031537962698363
psi,0.12001239829542137,4033,7,0.16574210461819772
psi,0.12001239829542137,4033,8,0.21350160626213557
psi,0.12001239829542137,4033,9,0.012576074149468213
psi,0.12001239829542137,4033,10,0.0458220477413361
psi,0.12001239829542137,4033,11,0.012576074149468213
psi,0.12001239829542137,4033,12,2.190827341673275
psi,0.12001239829542137,4033,13,0.24948302773814773
psi,0.12001239829542137,4033,14,4.697949933319185
psi,0.12001239829542137,4033,15,0.360801697235688
psi,0.12001239829542137,4033,16,0.7127838204103123
psi,0.12001239829542137,4033,17,1.326957991083498
psi,0.12001239829542137,4033,18,1.051452161848489
psi,0.12001239829542137,4033,19,0.012576074149468213
psi,0.12001239829542137,4033,20,2.651927509578055
psi,0.12001239829542137,4033,21,0.012576074149468213
psi,0.12001239829542137,4033,22,0.012576074149468213
psi,0.12001239829542137,4033,23,0.012576074149468213
psi,0.12001239829542137,4033,24,0.012576074149468213
psi,0.12001239829542137,4033,25,3.06797002731244
psi,0.12001239829542137,4097,0,2.2275514014670046
psi,0.12001239829542137,4097,1,2.2275514014670046
psi,0.12001239829542137,4097,2,2.2908401636460263
psi,0.12001239829542137,4097,3,0.17274552378246366
psi,0.12001239829542137,4097,4,0.012576074149468213
psi,0.12001239829542137,4097,5,0.012576074149468213
psi,0.12001239829542137,4097,6,3.597222129418
psi,0.12001239829542137,4097,7,0.3028523054649825
psi,0.12001239829542137,4097,8,0.16637023203129173
psi,0.12001239829542137,4097,9,0.012576074149468213
psi,0.12001239829542137,4097,10,0.0458220477413361
psi,0.12001239829542137,4097,11,0.012576074149468213
psi,0.12001239829542137,4097,12,2.101090316161032
psi,0.12001239829542137,4097,13,0.5251988961357812
psi,0.12001239829542137,4097,14,5.500648533857181
psi,0.12001239829542137,4097,15,0.5784937892528811
psi,0.12001239829542137,4097,16,0.5234640472734865
psi,0.12001239829542137,4097,17,1.197945454342761
psi,0.12001239829542137,4097,18,0.9204694036173496
psi,0.12001239829542137,4097,19,0.012576074149468213
psi,0.12001239829542137,4097,20,2.651927509578055
psi,0.12001239829542137,4097,21,0.012576074149468213
psi,0.12001239829542137,4097,22,0.012576074149468213
psi,0.12001239829542137,4097,23,0.012576074149468213
psi,0.12001239829542137,4097,24,0.012576074149468213
psi,0.12001239829542137,4097,25,3.0544144429096076
psi,0.12001239829542137,4161,0,2.672962421758548
psi,0.12001239829542137,4161,1,2.672962421758548
psi,0.12001239829542137,4161,2,2.4348575453342494
psi,0.12001239829542137,4161,3,0.36258382462750605
psi,0.12001239829542137,4161,4,0.012576074149468213
psi,0.12001239829542137,4161,5,0.012576074149468213
psi,0.12001239829542137,4161,6,4.984043366373983
psi,0.12001239829542137,4161,7,0.32121435497401885
psi,0.12001239829542137,4161,8,0.1531531313826212
psi,0.12001239829542137,4161,9,0.012576074149468213
psi,0.12001239829542137,4161,10,0.13981388079377355
psi,0.12001239829542137,4161,11,0.012576074149468213
psi,0.12001239829542137,4161,12,2.382810603870401
psi,0.12001239829542137,4161,13,0.6801448930679935
psi,0.12001239829542137,4161,14,6.80443033614158
psi,0.12001239829542137,4161,15,0.6754900413494778
psi,0.12001239829542137,4161,16,0.4406746028645856
psi,0.12001239829542137,4161,17,1.39291770071482
psi,0.12001239829542137,4161,18,0.9222160730018322
psi,0.12001239829542137,4161,19,0.012576074149468213
psi,0.12001239829542137,4161,20,3.1805981662224854
psi,0.12001239829542137,4161,21,0.012576074149468213
psi,0.12001239829542137,4161,22,0.012576074149468213
psi,0.12001239829542137,4161,23,0.012576074149468213
psi,0.12001239829542137,4161,24,0.012576074149468213
psi,0.12001239829542137,4161,25,3.0933339322534716
psi,0.12001239829542137,4225,0,2.8984268260127295
psi,0.12001239829542137,4225,1,2.8984268260127295
psi,0.12001239829542137,4225,2,2.297193284132892
psi,0.12001239829542137,4225,3,1.1552062866716817
psi,0.12001239829542137,4225,4,0.012576074149468213
psi,0.12001239829542137,4225,5,0.012576074149468213
psi,0.12001239829542137,4225,6,6.213391700674779
psi,0.12001239829542137,4225,7,0.07568066242044813
psi,0.12001239829542137,4225,8,0.21350160626213557
psi,0.12001239829542137,4225,9,0.012576074149468213
psi,0.12001239829542137,4225,10,0.4911051205523918
psi,0.12001239829542137,4225,11,0.012576074149468213
psi,0.12001239829542137,4225,12,2.5028293640049486
psi,0.12001239829542137,4225,13,0.44500290879620114
psi,0.12001239829542137,4225,14,8.128939279075244
psi,0.12001239829542137,4225,15,0.26032723262451796
psi,0.12001239829542137,4225,16,0.33107835567515176
psi,0.12001239829542137,4225,17,1.633432821880883
psi,0.12001239829542137,4225,18,1.2145502430284782
psi,0.12001239829542137,4225,19,0.012576074149468213
psi,0.12001239829542137,4225,20,5.8347912565135776
psi,0.12001239829542137,4225,21,0.012576074149468213
psi,0.12001239829542137,4225,22,0.012576074149468213
psi,0.12001239829542137,4225,23,0.012576074149468213
psi,0.12001239829542137,4225,24,0.012576074149468213
psi,0.12001239829542137,4225,25,3.53537379491945
psi,0.12001239829542137,4289,0,2.578540024665016
psi,0.12001239829542137,4289,1,2.578540024665016
psi,0.12001239829542137,4289,2,1.9897728535874395
psi,0.12001239829542137,4289,3,1.1552062866716817
psi,0.12001239829542137,4289,4,0.012576074149468213
psi,0.12001239829542137,4289,5,0.012576074149468213
psi,0.12001239829542137,4289,6,6.213391700674779
psi,0.12001239829542137,4289,7,0.028994048827300188
psi,0.12001239829542137,4289,8,0.2531807347551959
psi,0.12001239829542137,4289,9,0.012576074149468213
psi,0.12001239829542137,4289,10,0.4911051205523918
psi,0.12001239829542137,4289,11,0.012576074149468213
psi,0.12001239829542137,4289,12,2.295140700260506
psi,0.12001239829542137,4289,13,0.5732834754381592
psi,0.12001239829542137,4289,14,8.26734159555755
psi,0.12001239829542137,4289,15,0.26541840361834
psi,0.12001239829542137,4289,16,0.2914363361317466
psi,0.12001239829542137,4289,17,1.7570113673129502
psi,0.12001239829542137,4289,18,1.3865225409857302
psi,0.12001239829542137,4289,19,0.012576074149468213
psi,0.12001239829542137,4289,20,5.8347912565135776
psi,0.12001239829542137,4289,21,0.012576074149468213
psi,0.12001239829542137,4289,22,0.012576074149468213
psi,0.12001239829542137,4289,23,0.012576074149468213
psi,0.12001239829542137,4289,24,0.012576074149468213
psi,0.12001239829542137,4289,25,3.5452190415890157
psi,0.12001239829542137,4353,0,2.467929402767871
psi,0.12001239829542137,4353,1,2.467929402767871
psi,0.12001239829542137,4353,2,1.8482277468292867
psi,0.12001239829542137,4353,3,1.1552062866716817
psi,0.12001239829542137,4353,4,0.012576074149468213
psi,0.12001239829542137,4353,5,0.012576074149468213
psi,0.12001239829542137,4353,6,6.430423205053427
psi,0.12001239829542137,4353,7,0.021631717902360258
psi,0.12001239829542137,4353,8,0.2764343951642541
psi,0.12001239829542137,4353,9,0.012576074149468213
psi,0.12001239829542137,4353,10,0.4911051205523918
psi,0.12001239829542137,4353,11,0.012576074149468213
psi,0.12001239829542137,4353,12,2.2433947524224944
psi,0.12001239829542137,4353,13,0.4849429736068811
psi,0.12001239829542137,4353,14,8.419467976844064
psi,0.12001239829542137,4353,15,0.21973615305065972
psi,0.12001239829542137,4353,16,0.1887202689205206
psi,0.12001239829542137,4353,17,1.593645216724267
psi,0.12001239829542137,4353,18,1.2039743947272328
psi,0.12001239829542137,4353,19,0.012576074149468213
psi,0.12001239829542137,4353,20,5.8347912565135776
psi,0.12001239829542137,4353,21,0.012576074149468213
psi,0.12001239829542137,4353,22,0.012576074149468213
psi,0.12001239829542137,4353,23,0.012576074149468213
psi,0.12001239829542137,4353,24,0.012576074149468213
psi,0.12001239829542137,4353,25,3.555277463629123
psi,0.12001239829542137,4417,0,2.024723241261247
psi,0.12001239829542137,4417,1,2.024723241261247
psi,0.12001239829542137,4417,2,1.4712370959570034
psi,0.12001239829542137,4417,3,1.1552062866716817
psi,0.12001239829542137,4417,4,0.012576074149468213
psi,0.12001239829542137,4417,5,0.012576074149468213
psi,0.12001239829542137,4417,6,6.213391700674779
psi,0.12001239829542137,4417,7,0.05731695774829945
psi,0.12001239829542137,4417,8,0.16637023203129173
psi,0.12001239829542137,4417,9,0.012576074149468213
psi,0.12001239829542137,4417,10,0.4911051205523918
psi,0.12001239829542137,4417,11,0.012576074149468213
psi,0.12001239829542137,4417,12,1.913920334663816
psi,0.12001239829542137,4417,13,0.5132569357169331
psi,0.12001239829542137,4417,14,7.785147747355694
psi,0.12001239829542137,4417,15,0.22990240370668608
psi,0.12001239829542137,4417,16,0.17247112484334007
psi,0.12001239829542137,4417,17,1.2888959504401079
psi,0.12001239829542137,4417,18,1.025802555998696
psi,0.12001239829542137,4417,19,0.012576074149468213
psi,0.12001239829542137,4417,20,5.8347912565135776
psi,0.12001239829542137,4417,21,0.012576074149468213
psi,0.12001239829542137,4417,22,0.012576074149468213
psi,0.12001239829542137,4417,23,0.012576074149468213
psi,0.12001239829542137,4417,24,0.012576074149468213
psi,0.12001239829542137,4417,25,3.556152416378811
psi,0.12001239829542137,4481,0,1.953876949166679
psi,0.12001239829542137,4481,1,1.953876949166679
psi,0.12001239829542137,4481,2,1.364286179450071
psi,0.12001239829542137,4481,3,1.1552062866716817
psi,0.12001239829542137,4481,4,0.012576074149468213
psi,0.12001239829542137,4481,5,0.012576074149468213
psi,0.12001239829542137,4481,6,6.213391700674779
psi,0.12001239829542137,4481,7,0.053141573575031194
psi,0.12001239829542137,4481,8,0.09217489308934418
psi,0.12001239829542137,4481,9,0.012576074149468213
psi,0.12001239829542137,4481,10,0.4911051205523918
psi,0.12001239829542137,4481,11,0.012576074149468213
psi,0.12001239829542137,4481,12,1.74083353687114
psi,0.12001239829542137,4481,13,0.6458306915798601
psi,0.12001239829542137,4481,14,7.281904964739696
psi,0.12001239829542137,4481,15,0.1944163622279783
psi,0.12001239829542137,4481,16,0.14937318404939923
psi,0.12001239829542137,4481,17,0.9375028123531243
psi,0.12001239829542137,4481,18,0.7541009087497379
psi,0.12001239829542137,4481,19,0.012576074149468213
psi,0.12001239829542137,4481,20,5.8347912565135776
psi,0.12001239829542137,4481,21,0.012576074149468213
psi,0.12001239829542137,4481,22,0.012576074149468213
psi,0.12001239829542137,4481,23,0.012576074149468213
psi,0.12001239829542137,4481,24,0.012576074149468213
psi,0.12001239829542137,4481,25,3.550464650333781
psi,0.12001239829542137,4545,0,2.0481665233078505
psi,0.12001239829542137,4545,1,2.0481665233078505
psi,0.12001239829542137,4545,2,1.3793480248689252
psi,0.12001239829542137,4545,3,1.1552062866716817
psi,0.12001239829542137,4545,4,0.012576074149468213
psi,0.12001239829542137,4545,5,0.012576074149468213
psi,0.12001239829542137,4545,6,6.213391700674779
psi,0.12001239829542137,4545,7,0.03186791330421378
psi,0.12001239829542137,4545,8,0.07051826411288808
psi,0.12001239829542137,4545,9,0.012576074149468213
psi,0.12001239829542137,4545,10,0.4911051205523918
psi,0.12001239829542137,4545,11,0.012576074149468213
psi,0.12001239829542137,4545,12,1.7970182855137062
psi,0.12001239829542137,4545,13,0.5586070697242309
psi,0.12001239829542137,4545,14,7.115363035995802
psi,0.12001239829542137,4545,15,0.1355817731380373
psi,0.12001239829542137,4545,16,0.12839782677130224
psi,0.12001239829542137,4545,17,0.8771721562965391
psi,0.12001239829542137,4545,18,0.6980686100414971
psi,0.12001239829542137,4545,19,0.012576074149468213
psi,0.12001239829542137,4545,20,5.8347912565135776
psi,0.12001239829542137,4545,21,0.012576074149468213
psi,0.12001239829542137,4545,22,0.012576074149468213
psi,0.12001239829542137,4545,23,0.012576074149468213
psi,0.12001239829542137,4545,24,0.012576074149468213
psi,0.12001239829542137,4545,25,3.5370270673092437
psi,0.12001239829542137,4609,0,2.0545441195605636
psi,0.12001239829542137,4609,1,2.0545441195605636
psi,0.12001239829542137,4609,2,1.3662602959688892
psi,0.12001239829542137,4609,3,1.1552062866716817
psi,0.12001239829542137,4609,4,0.012576074149468213
psi,0.12001239829542137,4609,5,0.012576074149468213
psi,0.12001239829542137,4609,6,6.430423205053427
psi,0.12001239829542137,4609,7,0.015010134522986978
psi,0.12001239829542137,4609,8,0.03239411404841181
psi,0.12001239829542137,4609,9,0.012576074149468213
psi,0.12001239829542137,4609,10,0.4911051205523918
psi,0.12001239829542137,4609,11,0.012576074149468213
psi,0.12001239829542137,4609,12,1.7207403512562156
psi,0.12001239829542137,4609,13,0.589808123018772
psi,0.12001239829542137,4609,14,6.768616457696136
psi,0.12001239829542137,4609,15,0.07868035093707718
psi,0.12001239829542137,4609,16,0.14451585993076327
psi,0.12001239829542137,4609,17,0.9392286315054525
psi,0.12001239829542137,4609,18,0.7227398739634338
psi,0.12001239829542137,4609,19,0.012576074149468213
psi,0.12001239829542137,4609,20,5.8347912565135776
psi,0.12001239829542137,4609,21,0.012576074149468213
psi,0.12001239829542137,4609,22,0.012576074149468213
psi,0.12001239829542137,4609,23,0.012576074149468213
psi,0.12001239829542137,4609,24,0.012576074149468213
psi,0.12001239829542137,4609,25,3.539711364349193
psi,0.12001239829542137,4673,0,2.136982992823308
psi,0.12001239829542137,4673,1,2.136982992823308
psi,0.12001239829542137,4673,2,1.4353040054810065
psi,0.12001239829542137,4673,3,1.1552062866716817
psi,0.12001239829542137,4673,4,0.012576074149468213
psi,0.12001239829542137,4673,5,0.012576074149468213
psi,0.12001239829542137,4673,6,7.13059234621061
psi,0.12001239829542137,4673,7,0.013218361454270253
psi,0.12001239829542137,4673,8,0.06431426608819646
psi,0.12001239829542137,4673,9,0.012576074149468213
psi,0.12001239829542137,4673,10,0.4911051205523918
psi,0.12001239829542137,4673,11,0.012576074149468213
psi,0.12001239829542137,4673,12,1.8040686480450716
psi,0.12001239829542137,4673,13,0.33289674487819887
psi,0.12001239829542137,4673,14,7.23264518853855
psi,0.12001239829542137,4673,15,0.0664172096835016
psi,0.12001239829542137,4673,16,0.17937665301032757
psi,0.12001239829542137,4673,17,1.1189595720321868
psi,0.12001239829542137,4673,18,0.8940751019381794
psi,0.12001239829542137,4673,19,0.012576074149468213
psi,0.12001239829542137,4673,20,5.8347912565135776
psi,0.12001239829542137,4673,21,0.012576074149468213
psi,0.12001239829542137,4673,22,0.012576074149468213
psi,0.12001239829542137,4673,23,0.012576074149468213
psi,0.12001239829542137,4673,24,0.012576074149468213
psi,0.12001239829542137,4673,25,3.5504441859727267
psi,0.12001239829542137,4737,0,2.3902317996101603
psi,0.12001239829542137,4737,1,2.3902317996101603
psi,0.12001239829542137,4737,2,1.7152719775748977
psi,0.12001239829542137,4737,3,1.1552062866716817
psi,0.12001239829542137,4737,4,0.012576074149468213
psi,0.12001239829542137,4737,5,0.012576074149468213
psi,0.12001239829542137,4737,6,7.13059234621061
psi,0.12001239829542137,4737,7,0.09655977273035402
psi,0.12001239829542137,4737,8,0.12967223800155867
psi,0.12001239829542137,4737,9,0.012576074149468213
psi,0.12001239829542137,4737,10,0.4911051205523918
psi,0.12001239829542137,4737,11,0.012576074149468213
psi,0.12001239829542137,4737,12,2.2373745939181315
psi,0.12001239829542137,4737,13,0.4392686959121124
psi,0.12001239829542137,4737,14,7.940373922698686
psi,0.12001239829542137,4737,15,0.13895519629823264
psi,0.12001239829542137,4737,16,0.2715869927241668
psi,0.12001239829542137,4737,17,1.427712965344285
psi,0.12001239829542137,4737,18,1.2022642279162286
psi,0.12001239829542137,4737,19,0.012576074149468213
psi,0.12001239829542137,4737,20,5.8347912565135776
psi,0.12001239829542137,4737,21,0.012576074149468213
psi,0.12001239829542137,4737,22,0.012576074149468213
psi,0.12001239829542137,4737,23,0.012576074149468213
psi,0.12001239829542137,4737,24,0.012576074149468213
psi,0.12001239829542137,4737,25,3.545048473804953
psi,0.12001239829542137,4801,0,2.166417201186167
psi,0.12001239829542137,4801,1,2.166417201186167
psi,0.12001239829542137,4801,2,1.540732457633034
psi,0.12001239829542137,4801,3,1.1552062866716817
psi,0.12001239829542137,4801,4,0.012576074149468213
psi,0.12001239829542137,4801,5,0.012576074149468213
psi,0.12001239829542137,4801,6,7.13059234621061
psi,0.12001239829542137,4801,7,0.20244249549729948
psi,0.12001239829542137,4801,8,0.10053039430678626
psi,0.12001239829542137,4801,9,0.012576074149468213
psi,0.12001239829542137,4801,10,0.4911051205523918
psi,0.12001239829542137,4801,11,0.012576074149468213
psi,0.12001239829542137,4801,12,2.0989242754649498
psi,0.12001239829542137,4801,13,0.5037090541111418
psi,0.12001239829542137,4801,14,7.3597204649044485
psi,0.12001239829542137,4801,15,0.3168512503042196
psi,0.12001239829542137,4801,16,0.20892307699235205
psi,0.12001239829542137,4801,17,1.2139030990818693
psi,0.12001239829542137,4801,18,0.9862201306483476
psi,0.12001239829542137,4801,19,0.012576074149468213
psi,0.12001239829542137,4801,20,5.8347912565135776
psi,0.12001239829542137,4801,21,0.012576074149468213
psi,0.12001239829542137,4801,22,0.012576074149468213
psi,0.12001239829542137,4801,23,0.012576074149468213
psi,0.12001239829542137,4801,24,0.012576074149468213
psi,0.12001239829542137,4801,25,3.5552438451241613
psi,0.12001239829542137,4865,0,2.5261358301610586
psi,0.12001239829542137,4865,1,2.5261358301610586
psi,0.12001239829542137,4865,2,1.854105520275101
psi,0.12001239829542137,4865,3,1.1552062866716817
psi,0.12001239829542137,4865,4,0.012576074149468213
psi,0.12001239829542137,4865,5,0.012576074149468213
psi,0.12001239829542137,4865,6,7.13059234621061
psi,0.12001239829542137,4865,7,0.6128458796793463
psi,0.12001239829542137,4865,8,0.07720755342575503
psi,0.12001239829542137,4865,9,0.012576074149468213
psi,0.12001239829542137,4865,10,0.4911051205523918
psi,0.12001239829542137,4865,11,0.012576074149468213
psi,0.12001239829542137,4865,12,2.5053200408058895
psi,0.12001239829542137,4865,13,0.8984444059632692
psi,0.12001239829542137,4865,14,7.188362214857299
psi,0.12001239829542137,4865,15,0.8183149244588765
psi,0.12001239829542137,4865,16,0.2695086973713411
psi,0.12001239829542137,4865,17,1.1966681280341915
psi,0.12001239829542137,4865,18,0.8752203640937127
psi,0.12001239829542137,4865,19,0.012576074149468213
psi,0.12001239829542137,4865,20,5.8347912565135776
psi,0.12001239829542137,4865,21,0.012576074149468213
psi,0.12001239829542137,4865,22,0.012576074149468213
psi,0.12001239829542137,4865,23,0.012576074149468213
psi,0.12001239829542137,4865,24,0.012576074149468213
psi,0.12001239829542137,4865,25,3.6638155476428502
psi,0.12001239829542137,4929,0,2.9192487635134676
psi,0.12001239829542137,4929,1,2.9192487635134676
psi,0.12001239829542137,4929,2,2.1536733318258525
psi,0.12001239829542137,4929,3,1.1552062866716817
psi,0.12001239829542137,4929,4,0.012576074149468213
psi,0.12001239829542137,4929,5,0.012576074149468213
psi,0.12001239829542137,4929,6,7.13059234621061
psi,0.12001239829542137,4929,7,1.1669844528134692
psi,0.12001239829542137,4929,8,0.13190195012134112
psi,0.12001239829542137,4929,9,0.012576074149468213
psi,0.12001239829542137,4929,10,0.4911051205523918
psi,0.12001239829542137,4929,11,0.012576074149468213
psi,0.12001239829542137,4929,12,3.4661485616335392
psi,0.12001239829542137,4929,13,1.6398016258641839
psi,0.12001239829542137,4929,14,4.943914046245021
psi,0.12001239829542137,4929,15,1.477218860096721
psi,0.12001239829542137,4929,16,0.6737534310449417
psi,0.12001239829542137,4929,17,1.322465987651608
psi,0.12001239829542137,4929,18,0.9228183468930683
psi,0.12001239829542137,4929,19,0.012576074149468213
psi,0.12001239829542137,4929,20,5.8347912565135776
psi,0.12001239829542137,4929,21,0.012576074149468213
psi,0.12001239829542137,4929,22,0.012576074149468213
psi,0.12001239829542137,4929,23,0.012576074149468213
psi,0.12001239829542137,4929,24,0.012576074149468213
psi,0.12001239829542137,4929,25,3.9654368695799223
psi,0.12001239829542137,4993,0,2.986592978793741
psi,0.12001239829542137,4993,1,2.986592978793741
psi,0.12001239829542137,4993,2,2.177264797527784
psi,0.12001239829542137,4993,3,1.1552062866716817
psi,0.12001239829542137,4993,4,0.012576074149468213
psi,0.12001239829542137,4993,5,0.012576074149468213
psi,0.12001239829542137,4993,6,7.997809420400609
psi,0.12001239829542137,4993,7,0.8530100992630423
psi,0.12001239829542137,4993,8,0.1377228724423767
psi,0.12001239829542137,4993,9,0.012576074149468213
psi,0.12001239829542137,4993,10,0.4911051205523918
psi,0.12001239829542137,4993,11,0.012576074149468213
psi,0.12001239829542137,4993,12,3.209107232637851
psi,0.12001239829542137,4993,13,1.5200610364804354
psi,0.12001239829542137,4993,14,4.830766270157752
psi,0.12001239829542137,4993,15,1.258582421823604
psi,0.12001239829542137,4993,16,0.6239683950622931
psi,0.12001239829542137,4993,17,1.2978763853496986
psi,0.12001239829542137,4993,18,0.9107140286686236
psi,0.12001239829542137,4993,19,0.012576074149468213
psi,0.12001239829542137,4993,20,5.8347912565135776
psi,0.12001239829542137,4993,21,0.012576074149468213
psi,0.12001239829542137,4993,22,0.012576074149468213
psi,0.12001239829542137,4993,23,0.012576074149468213
psi,0.12001239829542137,4993,24,0.012576074149468213
psi,0.12001239829542137,4993,25,3.8747831023247725
psi,0.12001239829542137,5057,0,3.015993753732843
psi,0.12001239829542137,5057,1,3.015993753732843
psi,0.12001239829542137,5057,2,2.2058709447321716
psi,0.12001239829542137,5057,3,1.1552062866716817
psi,0.12001239829542137,5057,4,0.012576074149468213
psi,0.12001239829542137,5057,5,0.012576074149468213
psi,0.12001239829542137,5057,6,7.13059234621061
psi,0.12001239829542137,5057,7,1.0998749090591204
psi,0.12001239829542137,5057,8,0.12062565034593363
psi,0.12001239829542137,5057,9,0.012576074149468213
psi,0.12001239829542137,5057,10,0.4911051205523918
psi,0.12001239829542137,5057,11,0.012576074149468213
psi,0.12001239829542137,5057,12,3.2535449285651366
psi,0.12001239829542137,5057,13,1.5731915246030221
psi,0.12001239829542137,5057,14,5.166004292509717
psi,0.12001239829542137,5057,15,1.2954584471269792
psi,0.12001239829542137,5057,16,0.4984952358871633
psi,0.12001239829542137,5057,17,1.1174809002469894
psi,0.12001239829542137,5057,18,0.6709982711738889
psi,0.12001239829542137,5057,19,0.012576074149468213
psi,0.12001239829542137,5057,20,5.8347912565135776
psi,0.12001239829542137,5057,21,0.012576074149468213
psi,0.12001239829542137,5057,22,0.012576074149468213
psi,0.12001239829542137,5057,23,0.012576074149468213
psi,0.12001239829542137,5057,24,0.012576074149468213
psi,0.12001239829542137,5057,25,3.857260330481049
psi,0.12001239829542137,5121,0,2.8439589875292546
psi,0.12001239829542137,5121,1,2.8439589875292546
psi,0.12001239829542137,5121,2,2.060592031891731
psi,0.12001239829542137,5121,3,1.1552062866716817
psi,0.12001239829542137,5121,4,0.012576074149468213
psi,0.12001239829542137,5121,5,0.012576074149468213
psi,0.12001239829542137,5121,6,7.13059234621061
psi,0.12001239829542137,5121,7,0.896793148801045
psi,0.12001239829542137,5121,8,0.08508423271811184
psi,0.12001239829542137,5121,9,0.012576074149468213
psi,0.12001239829542137,5121,10,0.4911051205523918
psi,0.12001239829542137,5121,11,0.012576074149468213
psi,0.12001239829542137,5121,12,2.863559327011757
psi,0.12001239829542137,5121,13,1.1091333023211125
psi,0.12001239829542137,5121,14,5.376671978252534
psi,0.12001239829542137,5121,15,1.1015694249623356
psi,0.12001239829542137,5121,16,0.3804066835837464
psi,0.12001239829542137,5121,17,1.1083937605569405
psi,0.12001239829542137,5121,18,0.8320588228762278
psi,0.12001239829542137,5121,19,0.012576074149468213
psi,0.12001239829542137,5121,20,5.8347912565135776
psi,0.12001239829542137,5121,21,0.012576074149468213
psi,0.12001239829542137,5121,22,0.012576074149468213
psi,0.12001239829542137,5121,23,0.012576074149468213
psi,0.12001239829542137,5121,24,0.012576074149468213
psi,0.12001239829542137,5121,25,3.7629531740866433
psi,0.12001239829542137,5185,0,3.060409238714123
psi,0.12001239829542137,5185,1,3.060409238714123
psi,0.12001239829542137,5185,2,2.2414594505949
psi,0.12001239829542137,5185,3,1.1552062866716817
psi,0.12001239829542137,5185,4,0.012576074149468213
psi,0.12001239829542137,5185,5,0.012576074149468213
psi,0.12001239829542137,5185,6,7.13059234621061
psi,0.12001239829542137,5185,7,0.7282003097990732
psi,0.12001239829542137,5185,8,0.16637023203129173
psi,0.12001239829542137,5185,9,0.012576074149468213
psi,0.12001239829542137,5185,10,0.4911051205523918
psi,0.12001239829542137,5185,11,0.012576074149468213
psi,0.12001239829542137,5185,12,2.722797792249223
psi,0.12001239829542137,5185,13,0.6555214171992821
psi,0.12001239829542137,5185,14,7.925175870514911
psi,0.12001239829542137,5185,15,0.8948302910904372
psi,0.12001239829542137,5185,16,0.4393047266600565
psi,0.12001239829542137,5185,17,1.0605161094703204
psi,0.12001239829542137,5185,18,0.839622765093476
psi,0.12001239829542137,5185,19,0.012576074149468213
psi,0.12001239829542137,5185,20,5.8347912565135776
psi,0.12001239829542137,5185,21,0.012576074149468213
psi,0.12001239829542137,5185,22,0.012576074149468213
psi,0.12001239829542137,5185,23,0.012576074149468213
psi,0.12001239829542137,5185,24,0.012576074149468213
psi,0.12001239829542137,5185,25,3.671718727736698
psi,0.12001239829542137,5249,0,2.903446194713431
psi,0.12001239829542137,5249,1,2.903446194713431
psi,0.12001239829542137,5249,2,2.088203080371649
psi,0.12001239829542137,5249,3,1.1552062866716817
psi,0.12001239829542137,5249,4,0.012576074149468213
psi,0.12001239829542137,5249,5,0.012576074149468213
psi,0.12001239829542137,5249,6,7.13059234621061
psi,0.12001239829542137,5249,7,0.9116364615149399
psi,0.12001239829542137,5249,8,0.1409544240154388
psi,0.12001239829542137,5249,9,0.012576074149468213
psi,0.12001239829542137,5249,10,0.4911051205523918
psi,0.12001239829542137,5249,11,0.012576074149468213
psi,0.12001239829542137,5249,12,2.511840216412179
psi,0.12001239829542137,5249,13,0.6969581636111806
psi,0.12001239829542137,5249,14,7.722122459380301
psi,0.12001239829542137,5249,15,1.0577287875796342
psi,0.12001239829542137,5249,16,0.36964884526168373
psi,0.12001239829542137,5249,17,0.9732847046951569
psi,0.12001239829542137,5249,18,0.628963484977553
psi,0.12001239829542137,5249,19,0.012576074149468213
psi,0.12001239829542137,5249,20,5.8347912565135776
psi,0.12001239829542137,5249,21,0.012576074149468213
psi,0.12001239829542137,5249,22,0.012576074149468213
psi,0.12001239829542137,5249,23,0.012576074149468213
psi,0.12001239829542137,5249,24,0.012576074149468213
psi,0.12001239829542137,5249,25,3.709262711953777
psi,0.12001239829542137,5313,0,2.767593520368563
psi,0.12001239829542137,5313,1,2.767593520368563
psi,0.12001239829542137,5313,2,1.9666813657994666
psi,0.12001239829542137,5313,3,1.1552062866716817
psi,0.12001239829542137,5313,4,0.012576074149468213
psi,0.12001239829542137,5313,5,0.012576074149468213
psi,0.12001239829542137,5313,6,7.997809420400609
psi,0.12001239829542137,5313,7,0.5179910814516695
psi,0.12001239829542137,5313,8,0.16637023203129173
psi,0.12001239829542137,5313,9,0.012576074149468213
psi,0.12001239829542137,5313,10,0.4911051205523918
psi,0.12001239829542137,5313,11,0.012576074149468213
psi,0.12001239829542137,5313,12,2.3963061252341347
psi,0.12001239829542137,5313,13,0.49153986324843524
psi,0.12001239829542137,5313,14,7.939869702758761
psi,0.12001239829542137,5313,15,0.7760593348103022
psi,0.12001239829542137,5313,16,0.31528771344567386
psi,0.12001239829542137,5313,17,1.4349535351543394
psi,0.12001239829542137,5313,18,1.0528010715098444
psi,0.12001239829542137,5313,19,0.012576074149468213
psi,0.12001239829542137,5313,20,5.8347912565135776
psi,0.12001239829542137,5313,21,0.012576074149468213
psi,0.12001239829542137,5313,22,0.012576074149468213
psi,0.12001239829542137,5313,23,0.012576074149468213
psi,0.12001239829542137,5313,24,0.012576074149468213
psi,0.12001239829542137,5313,25,3.636528641029452
psi,0.12001239829542137,5377,0,2.8234369873156364
psi,0.12001239829542137,5377,1,2.8234369873156364
psi,0.12001239829542137,5377,2,2.0751373766228953
psi,0.12001239829542137,5377,3,1.1552062866716817
psi,0.12001239829542137,5377,4,0.012576074149468213
psi,0.12001239829542137,5377,5,0.012576074149468213
psi,0.12001239829542137,5377,6,7.13059234621061
psi,0.12001239829542137,5377,7,0.2422131764293583
psi,0.12001239829542137,5377,8,0.19637703188456057
psi,0.12001239829542137,5377,9,0.012576074149468213
psi,0.12001239829542137,5377,10,0.4911051205523918
psi,0.12001239829542137,5377,11,0.012576074149468213
psi,0.12001239829542137,5377,12,2.3270225097968944
psi,0.12001239829542137,5377,13,0.37718683346903864
psi,0.12001239829542137,5377,14,8.017873543667728
psi,0.12001239829542137,5377,15,0.5327262923666983
psi,0.12001239829542137,5377,16,0.29947917645444
psi,0.12001239829542137,5377,17,1.3398093089670677
psi,0.12001239829542137,5377,18,0.9829329351595445
psi,0.12001239829542137,5377,19,0.012576074149468213
psi,0.12001239829542137,5377,20,5.8347912565135776
psi,0.12001239829542137,5377,21,0.012576074149468213
psi,0.12001239829542137,5377,22,0.012576074149468213
psi,0.12001239829542137,5377,23,0.012576074149468213
psi,0.12001239829542137,5377,24,0.012576074149468213
psi,0.12001239829542137,5377,25,3.579022908988311
psi,0.12001239829542137,5441,0,2.2210014575454786
psi,0.12001239829542137,5441,1,2.2210014575454786
psi,0.12001239829542137,5441,2,1.628189623561526
psi,0.12001239829542137,5441,3,1.1552062866716817
psi,0.12001239829542137,5441,4,0.012576074149468213
psi,0.12001239829542137,5441,5,0.012576074149468213
psi,0.12001239829542137,5441,6,7.13059234621061
psi,0.12001239829542137,5441,7,0.0349419368303536
psi,0.12001239829542137,5441,8,0.10053039430678626
psi,0.12001239829542137,5441,9,0.012576074149468213
psi,0.12001239829542137,5441,10,0.4911051205523918
psi,0.12001239829542137,5441,11,0.012576074149468213
psi,0.12001239829542137,5441,12,1.8372976076034497
psi,0.12001239829542137,5441,13,0.8737861914901872
psi,0.12001239829542137,5441,14,7.3597204649044485
psi,0.12001239829542137,5441,15,0.291591027264294
psi,0.12001239829542137,5441,16,0.22718449702738108
psi,0.12001239829542137,5441,17,1.3548779796159276
psi,0.12001239829542137,5441,18,1.0295683188005262
psi,0.12001239829542137,5441,19,0.012576074149468213
psi,0.12001239829542137,5441,20,5.8347912565135776
psi,0.12001239829542137,5441,21,0.012576074149468213
psi,0.12001239829542137,5441,22,0.012576074149468213
psi,0.12001239829542137,5441,23,0.012576074149468213
psi,0.12001239829542137,5441,24,0.012576074149468213
psi,0.12001239829542137,5441,25,3.545434779931935
psi,0.12001239829542137,5505,0,2.384010936356367
psi,0.12001239829542137,5505,1,2.384010936356367
psi,0.12001239829542137,5505,2,1.7231729400294435
psi,0.12001239829542137,5505,3,1.1552062866716817
psi,0.12001239829542137,5505,4,0.012576074149468213
psi,0.12001239829542137,5505,5,0.012576074149468213
psi,0.12001239829542137,5505,6,7.13059234621061
psi,0.12001239829542137,5505,7,0.013885921461065036
psi,0.12001239829542137,5505,8,0.07051826411288808
psi,0.12001239829542137,5505,9,0.012576074149468213
psi,0.12001239829542137,5505,10,0.4911051205523918
psi,0.12001239829542137,5505,11,0.012576074149468213
psi,0.12001239829542137,5505,12,2.01199927083107
psi,0.12001239829542137,5505,13,0.7941491641522063
psi,0.12001239829542137,5505,14,7.430998847864782
psi,0.12001239829542137,5505,15,0.20008594506626715
psi,0.12001239829542137,5505,16,0.22422282898575213
psi,0.12001239829542137,5505,17,1.8663791537840666
psi,0.12001239829542137,5505,18,1.5644560220710977
psi,0.12001239829542137,5505,19,0.012576074149468213
psi,0.12001239829542137,5505,20,5.8347912565135776
psi,0.12001239829542137,5505,21,0.012576074149468213
psi,0.12001239829542137,5505,22,0.012576074149468213
psi,0.12001239829542137,5505,23,0.012576074149468213
psi,0.12001239829542137,5505,24,0.012576074149468213
psi,0.12001239829542137,5505,25,3.5379154355033466
psi,0.12001239829542137,5569,0,2.447111749786807
psi,0.12001239829542137,5569,1,2.447111749786807
psi,0.12001239829542137,5569,2,1.6998893640831907
psi,0.12001239829542137,5569,3,1.1552062866716817
psi,0.12001239829542137,5569,4,0.012576074149468213
psi,0.12001239829542137,5569,5,0.012576074149468213
psi,0.12001239829542137,5569,6,7.13059234621061
psi,0.12001239829542137,5569,7,0.012550062968227443
psi,0.12001239829542137,5569,8,0.07720755342575503
psi,0.12001239829542137,5569,9,0.012576074149468213
psi,0.12001239829542137,5569,10,0.4911051205523918
psi,0.12001239829542137,5569,11,0.012576074149468213
psi,0.12001239829542137,5569,12,1.9831057910161978
psi,0.12001239829542137,5569,13,0.8532342727689943
psi,0.12001239829542137,5569,14,7.4826291531664015
psi,0.12001239829542137,5569,15,0.24003071534020062
psi,0.12001239829542137,5569,16,0.21021966735417022
psi,0.12001239829542137,5569,17,1.6072019092593877
psi,0.12001239829542137,5569,18,1.3448920597330425
psi,0.12001239829542137,5569,19,0.012576074149468213
psi,0.12001239829542137,5569,20,5.8347912565135776
psi,0.12001239829542137,5569,21,0.012576074149468213
psi,0.12001239829542137,5569,22,0.012576074149468213
psi,0.12001239829542137,5569,23,0.012576074149468213
psi,0.12001239829542137,5569,24,0.012576074149468213
psi,0.12001239829542137,5569,25,3.548233535070856
psi,0.12001239829542137,5633,0,2.3729882373446927
psi,0.12001239829542137,5633,1,2.3729882373446927
psi,0.12001239829542137,5633,2,1.6374624976580243
psi,0.12001239829542137,5633,3,1.1552062866716817
psi,0.12001239829542137,5633,4,0.012576074149468213
psi,0.12001239829542137,5633,5,0.012576074149468213
psi,0.12001239829542137,5633,6,7.997809420400609
psi,0.12001239829542137,5633,7,0.08581665975044905
psi,0.12001239829542137,5633,8,0.08441433019723726
psi,0.12001239829542137,5633,9,0.012576074149468213
psi,0.12001239829542137,5633,10,0.4911051205523918
psi,0.12001239829542137,5633,11,0.012576074149468213
psi,0.12001239829542137,5633,12,1.9830971223118585
psi,0.12001239829542137,5633,13,1.0298132262936197
psi,0.12001239829542137,5633,14,7.372763091664417
psi,0.12001239829542137,5633,15,0.37273554940704556
psi,0.12001239829542137,5633,16,0.2324783098765784
psi,0.12001239829542137,5633,17,1.4195761663221425
psi,0.12001239829542137,5633,18,1.3337480783783047
psi,0.12001239829542137,5633,19,0.012576074149468213
psi,0.12001239829542137,5633,20,5.8347912565135776
psi,0.12001239829542137,5633,21,0.012576074149468213
psi,0.12001239829542137,5633,22,0.012576074149468213
psi,0.12001239829542137,5633,23,0.012576074149468213
psi,0.12001239829542137,5633,24,0.012576074149468213
psi,0.12001239829542137,5633,25,3.53884060725647
psi,0.12001239829542137,5697,0,2.386444830817724
psi,0.12001239829542137,5697,1,2.386444830817724
psi,0.12001239829542137,5697,2,1.631180859947506
psi,0.12001239829542137,5697,3,1.1552062866716817
psi,0.12001239829542137,5697,4,0.012576074149468213
psi,0.12001239829542137,5697,5,0.012576074149468213
psi,0.12001239829542137,5697,6,7.13059234621061
psi,0.12001239829542137,5697,7,0.08581665975044905
psi,0.12001239829542137,5697,8,0.1531531313826212
psi,0.12001239829542137,5697,9,0.012576074149468213
psi,0.12001239829542137,5697,10,0.4911051205523918
psi,0.12001239829542137,5697,11,0.012576074149468213
psi,0.12001239829542137,5697,12,1.856142349928437
psi,0.12001239829542137,5697,13,0.8331113230025375
psi,0.12001239829542137,5697,14,7.671751025263063
psi,0.12001239829542137,5697,15,0.23740921994382938
psi,0.12001239829542137,5697,16,0.316939261758162
psi,0.12001239829542137,5697,17,1.5889698237060084
psi,0.12001239829542137,5697,18,1.4644031520001426
psi,0.12001239829542137,5697,19,0.012576074149468213
psi,0.12001239829542137,5697,20,5.8347912565135776
psi,0.12001239829542137,5697,21,0.012576074149468213
psi,0.12001239829542137,5697,22,0.012576074149468213
psi,0.12001239829542137,5697,23,0.012576074149468213
psi,0.12001239829542137,5697,24,0.012576074149468213
psi,0.12001239829542137,5697,25,3.5635477185757254
psi,0.12001239829542137,5761,0,2.225808322144165
psi,0.12001239829542137,5761,1,2.225808322144165
psi,0.12001239829542137,5761,2,1.4855592608624435
psi,0.12001239829542137,5761,3,1.1552062866716817
psi,0.12001239829542137,5761,4,0.012576074149468213
psi,0.12001239829542137,5761,5,0.012576074149468213
psi,0.12001239829542137,5761,6,7.13059234621061
psi,0.12001239829542137,5761,7,0.07568066242044813
psi,0.12001239829542137,5761,8,0.23233579433031093
psi,0.12001239829542137,5761,9,0.012576074149468213
psi,0.12001239829542137,5761,10,0.4911051205523918
psi,0.12001239829542137,5761,11,0.012576074149468213
psi,0.12001239829542137,5761,12,1.720361930698276
psi,0.12001239829542137,5761,13,0.8532342727689943
psi,0.12001239829542137,5761,14,8.10210122895672
psi,0.12001239829542137,5761,15,0.25262281885305193
psi,0.12001239829542137,5761,16,0.2142547771192823
psi,0.12001239829542137,5761,17,1.3837618121534425
psi,0.12001239829542137,5761,18,1.3313166759837312
psi,0.12001239829542137,5761,19,0.012576074149468213
psi,0.12001239829542137,5761,20,5.8347912565135776
psi,0.12001239829542137,5761,21,0.012576074149468213
psi,0.12001239829542137,5761,22,0.012576074149468213
psi,0.12001239829542137,5761,23,0.012576074149468213
psi,0.12001239829542137,5761,24,0.012576074149468213
psi,0.12001239829542137,5761,25,3.5513839185236167
psi,0.12001239829542137,5825,0,2.435962453821676
psi,0.12001239829542137,5825,1,2.435962453821676
psi,0.12001239829542137,5825,2,1.7818668757441314
psi,0.12001239829542137,5825,3,1.1552062866716817
psi,0.12001239829542137,5825,4,0.012576074149468213
psi,0.12001239829542137,5825,5,0.012576074149468213
psi,0.12001239829542137,5825,6,7.13059234621061
psi,0.12001239829542137,5825,7,0.1587820987321404
psi,0.12001239829542137,5825,8,0.1531531313826212
psi,0.12001239829542137,5825,9,0.012576074149468213
psi,0.12001239829542137,5825,10,0.4911051205523918
psi,0.12001239829542137,5825,11,0.012576074149468213
psi,0.12001239829542137,5825,12,2.023857750201094
psi,0.12001239829542137,5825,13,0.9161823329667016
psi,0.12001239829542137,5825,14,7.616897272015007
psi,0.12001239829542137,5825,15,0.3501020720252944
psi,0.12001239829542137,5825,16,0.3043835835676838
psi,0.12001239829542137,5825,17,1.441011857671492
psi,0.12001239829542137,5825,18,1.4052964496678393
psi,0.12001239829542137,5825,19,0.012576074149468213
psi,0.12001239829542137,5825,20,5.8347912565135776
psi,0.12001239829542137,5825,21,0.012576074149468213
psi,0.12001239829542137,5825,22,0.012576074149468213
psi,0.12001239829542137,5825,23,0.012576074149468213
psi,0.12001239829542137,5825,24,0.012576074149468213
psi,0.12001239829542137,5825,25,3.541973898885156
psi,0.12001239829542137,5889,0,2.0085360607967666
psi,0.12001239829542137,5889,1,2.0085360607967666
psi,0.12001239829542137,5889,2,1.3398904041736062
psi,0.12001239829542137,5889,3,1.1552062866716817
psi,0.12001239829542137,5889,4,0.012576074149468213
psi,0.12001239829542137,5889,5,0.012576074149468213
psi,0.12001239829542137,5889,6,6.713380535851965
psi,0.12001239829542137,5889,7,0.053141573575031194
psi,0.12001239829542137,5889,8,0.1409544240154388
psi,0.12001239829542137,5889,9,0.012576074149468213
psi,0.12001239829542137,5889,10,0.4911051205523918
psi,0.12001239829542137,5889,11,0.012576074149468213
psi,0.12001239829542137,5889,12,1.5370673501095238
psi,0.12001239829542137,5889,13,0.6958355971525609
psi,0.12001239829542137,5889,14,7.4676977442625265
psi,0.12001239829542137,5889,15,0.1474360048974286
psi,0.12001239829542137,5889,16,0.14310261123399576
psi,0.12001239829542137,5889,17,1.3303800189073431
psi,0.12001239829542137,5889,18,1.2528642124723506
psi,0.12001239829542137,5889,19,0.012576074149468213
psi,0.12001239829542137,5889,20,5.8347912565135776
psi,0.12001239829542137,5889,21,0.012576074149468213
psi,0.12001239829542137,5889,22,0.012576074149468213
psi,0.12001239829542137,5889,23,0.012576074149468213
psi,0.12001239829542137,5889,24,0.012576074149468213
psi,0.12001239829542137,5889,25,3.5515913464493107
psi,0.12001239829542137,5953,0,2.1045248972199064
psi,0.12001239829542137,5953,1,2.1045248972199064
psi,0.12001239829542137,5953,2,1.44510515812149
psi,0.12001239829542137,5953,3,1.1552062866716817
psi,0.12001239829542137,5953,4,0.012576074149468213
psi,0.12001239829542137,5953,5,0.012576074149468213
psi,0.12001239829542137,5953,6,6.713380535851965
psi,0.12001239829542137,5953,7,0.06617289414483143
psi,0.12001239829542137,5953,8,0.10053039430678626
psi,0.12001239829542137,5953,9,0.012576074149468213
psi,0.12001239829542137,5953,10,0.4911051205523918
psi,0.12001239829542137,5953,11,0.012576074149468213
psi,0.12001239829542137,5953,12,1.7093149793084057
psi,0.12001239829542137,5953,13,0.6008655071318594
psi,0.12001239829542137,5953,14,7.240397842788279
psi,0.12001239829542137,5953,15,0.16883285019575084
psi,0.12001239829542137,5953,16,0.16289282918959874
psi,0.12001239829542137,5953,17,1.1341483882048293
psi,0.12001239829542137,5953,18,1.0170489518835228
psi,0.12001239829542137,5953,19,0.012576074149468213
psi,0.12001239829542137,5953,20,5.8347912565135776
psi,0.12001239829542137,5953,21,0.012576074149468213
psi,0.12001239829542137,5953,22,0.012576074149468213
psi,0.12001239829542137,5953,23,0.012576074149468213
psi,0.12001239829542137,5953,24,0.012576074149468213
psi,0.12001239829542137,5953,25,3.537731844961315
psi,0.12001239829542137,6017,0,2.224474054591565
psi,0.12001239829542137,6017,1,2.224474054591565
psi,0.12001239829542137,6017,2,1.5790935314619765
psi,0.12001239829542137,6017,3,1.1552062866716817
psi,0.12001239829542137,6017,4,0.012576074149468213
psi,0.12001239829542137,6017,5,0.012576074149468213
psi,0.12001239829542137,6017,6,6.213391700674779
psi,0.12001239829542137,6017,7,0.1800457030801622
psi,0.12001239829542137,6017,8,0.01961318833837098
psi,0.12001239829542137,6017,9,0.012576074149468213
psi,0.12001239829542137,6017,10,0.4911051205523918
psi,0.12001239829542137,6017,11,0.012576074149468213
psi,0.12001239829542137,6017,12,1.9359386201255593
psi,0.12001239829542137,6017,13,0.5333931178922673
psi,0.12001239829542137,6017,14,6.272020885009293
psi,0.12001239829542137,6017,15,0.24817352812317356
psi,0.12001239829542137,6017,16,0.17127343677507473
psi,0.12001239829542137,6017,17,1.0346276206270628
psi,0.12001239829542137,6017,18,0.8385059838313358
psi,0.12001239829542137,6017,19,0.012576074149468213
psi,0.12001239829542137,6017,20,5.8347912565135776
psi,0.12001239829542137,6017,21,0.012576074149468213
psi,0.12001239829542137,6017,22,0.012576074149468213
psi,0.12001239829542137,6017,23,0.012576074149468213
psi,0.12001239829542137,6017,24,0.012576074149468213
psi,0.12001239829542137,6017,25,3.579022908988311
psi,0.12001239829542137,6081,0,1.5242899247487351
psi,0.12001239829542137,6081,1,1.5242899247487351
psi,0.12001239829542137,6081,2,0.9743211584277157
psi,0.12001239829542137,6081,3,1.1552062866716817
psi,0.12001239829542137,6081,4,0.012576074149468213
psi,0.12001239829542137,6081,5,0.012576074149468213
psi,0.12001239829542137,6081,6,5.527735561149256
psi,0.12001239829542137,6081,7,0.11377189448750455
psi,0.12001239829542137,6081,8,0.012548218660057463
psi,0.12001239829542137,6081,9,0.012576074149468213
psi,0.12001239829542137,6081,10,0.4911051205523918
psi,0.12001239829542137,6081,11,0.012576074149468213
psi,0.12001239829542137,6081,12,1.3233257616424174
psi,0.12001239829542137,6081,13,0.288943556656376
psi,0.12001239829542137,6081,14,5.686459825826034
psi,0.12001239829542137,6081,15,0.11857791172884166
psi,0.12001239829542137,6081,16,0.08806817212063874
psi,0.12001239829542137,6081,17,0.8127713972358928
psi,0.12001239829542137,6081,18,0.6465143477953312
psi,0.12001239829542137,6081,19,0.012576074149468213
psi,0.12001239829542137,6081,20,5.8347912565135776
psi,0.12001239829542137,6081,21,0.012576074149468213
psi,0.12001239829542137,6081,22,0.012576074149468213
psi,0.12001239829542137,6081,23,0.012576074149468213
psi,0.12001239829542137,6081,24,0.012576074149468213
psi,0.12001239829542137,6081,25,3.557532776804782
psi,0.12001239829542137,6145,0,1.9726431708513996
psi,0.12001239829542137,6145,1,1.9726431708513996
psi,0.12001239829542137,6145,2,1.334592532308329
psi,0.12001239829542137,6145,3,1.1552062866716817
psi,0.12001239829542137,6145,4,0.012576074149468213
psi,0.12001239829542137,6145,5,0.012576074149468213
psi,0.12001239829542137,6145,6,3.06779608219529
psi,0.12001239829542137,6145,7,0.3400301117945091
psi,0.12001239829542137,6145,8,0.01266351881320294
psi,0.12001239829542137,6145,9,0.012576074149468213
psi,0.12001239829542137,6145,10,0.4911051205523918
psi,0.12001239829542137,6145,11,0.012576074149468213
psi,0.12001239829542137,6145,12,1.9810635306967106
psi,0.12001239829542137,6145,13,0.41485219162685627
psi,0.12001239829542137,6145,14,3.9552039311589375
psi,0.12001239829542137,6145,15,0.41851423842694824
psi,0.12001239829542137,6145,16,0.29831019995229646
psi,0.12001239829542137,6145,17,0.8795798967569843
psi,0.12001239829542137,6145,18,0.6983652530927474
psi,0.12001239829542137,6145,19,0.012576074149468213
psi,0.12001239829542137,6145,20,5.8347912565135776
psi,0.12001239829542137,6145,21,0.012576074149468213
psi,0.12001239829542137,6145,22,0.012576074149468213
psi,0.12001239829542137,6145,23,0.012576074149468213
psi,0.12001239829542137,6145,24,0.012576074149468213
psi,0.12001239829542137,6145,25,3.6907450652281755
psi,0.12001239829542137,6209,0,1.889415901905868
psi,0.12001239829542137,6209,1,1.889415901905868
psi,0.12001239829542137,6209,2,1.2292518783606308
psi,0.12001239829542137,6209,3,1.1552062866716817
psi,0.12001239829542137,6209,4,0.012576074149468213
psi,0.12001239829542137,6209,5,0.012576074149468213
psi,0.12001239829542137,6209,6,1.753409124001014
psi,0.12001239829542137,6209,7,0.4623211591217489
psi,0.12001239829542137,6209,8,0.014219774578228313
psi,0.12001239829542137,6209,9,0.012576074149468213
psi,0.12001239829542137,6209,10,0.4911051205523918
psi,0.12001239829542137,6209,11,0.012576074149468213
psi,0.12001239829542137,6209,12,2.062400138587821
psi,0.12001239829542137,6209,13,0.5398860160342406
psi,0.12001239829542137,6209,14,2.5084830539799223
psi,0.12001239829542137,6209,15,0.5851312494019321
psi,0.12001239829542137,6209,16,0.5033814656821765
psi,0.12001239829542137,6209,17,0.8574666932268961
psi,0.12001239829542137,6209,18,0.6762293606885539
psi,0.12001239829542137,6209,19,0.012576074149468213
psi,0.12001239829542137,6209,20,5.8347912565135776
psi,0.12001239829542137,6209,21,0.012576074149468213
psi,0.12001239829542137,6209,22,0.012576074149468213
psi,0.12001239829542137,6209,23,0.012576074149468213
psi,0.12001239829542137,6209,24,0.012576074149468213
psi,0.12001239829542137,6209,25,3.750917288857563
psi,0.12001239829542137,6273,0,1.5373234915876368
psi,0.12001239829542137,6273,1,1.5373234915876368
psi,0.12001239829542137,6273,2,0.9345722927067123
psi,0.12001239829542137,6273,3,1.1552062866716817
psi,0.12001239829542137,6273,4,0.012576074149468213
psi,0.12001239829542137,6273,5,0.012576074149468213
psi,0.12001239829542137,6273,6,0.7867345854858324
psi,0.12001239829542137,6273,7,0.3690981423773887
psi,0.12001239829542137,6273,8,0.07051826411288808
psi,0.12001239829542137,6273,9,0.012576074149468213
psi,0.12001239829542137,6273,10,0.4911051205523918
psi,0.12001239829542137,6273,11,0.012576074149468213
psi,0.12001239829542137,6273,12,1.687406856620066
psi,0.12001239829542137,6273,13,0.5681116558697411
psi,0.12001239829542137,6273,14,1.6634633457899752
psi,0.12001239829542137,6273,15,0.5482839109662383
psi,0.12001239829542137,6273,16,0.5804176430392656
psi,0.12001239829542137,6273,17,0.8351905601807185
psi,0.12001239829542137,6273,18,0.6816500756934047
psi,0.12001239829542137,6273,19,0.012576074149468213
psi,0.12001239829542137,6273,20,5.8347912565135776
psi,0.12001239829542137,6273,21,0.012576074149468213
psi,0.12001239829542137,6273,22,0.012576074149468213
psi,0.12001239829542137,6273,23,0.012576074149468213
psi,0.12001239829542137,6273,24,0.012576074149468213
psi,0.12001239829542137,6273,25,3.6236350301765894
psi,0.12001239829542137,6337,0,1.7531894774801153
psi,0.12001239829542137,6337,1,1.7531894774801153
psi,0.12001239829542137,6337,2,1.1300792976097311
psi,0.12001239829542137,6337,3,1.1552062866716817
psi,0.12001239829542137,6337,4,0.012576074149468213
psi,0.12001239829542137,6337,5,0.012576074149468213
psi,0.12001239829542137,6337,6,0.4712513593085466
psi,0.12001239829542137,6337,7,0.2938424829926667
psi,0.12001239829542137,6337,8,0.16637023203129173
psi,0.12001239829542137,6337,9,0.012576074149468213
psi,0.12001239829542137,6337,10,0.4911051205523918
psi,0.12001239829542137,6337,11,0.012576074149468213
psi,0.12001239829542137,6337,12,1.801288072249036
psi,0.12001239829542137,6337,13,0.6301564691626221
psi,0.12001239829542137,6337,14,1.2185596628752378
psi,0.12001239829542137,6337,15,0.5397823640491057
psi,0.12001239829542137,6337,16,0.9236840313587906
psi,0.12001239829542137,6337,17,1.0878391227661903
psi,0.12001239829542137,6337,18,0.9113140640859703
psi,0.12001239829542137,6337,19,0.012576074149468213
psi,0.12001239829542137,6337,20,5.8347912565135776
psi,0.12001239829542137,6337,21,0.012576074149468213
psi,0.12001239829542137,6337,22,0.012576074149468213
psi,0.12001239829542137,6337,23,0.012576074149468213
psi,0.12001239829542137,6337,24,0.012576074149468213
psi,0.12001239829542137,6337,25,3.575659206980891
psi,0.12001239829542137,6401,0,1.3505649992984374
psi,0.12001239829542137,6401,1,1.3505649992984374
psi,0.12001239829542137,6401,2,0.8687015381424774
psi,0.12001239829542137,6401,3,1.1552062866716817
psi,0.12001239829542137,6401,4,0.012576074149468213
psi,0.12001239829542137,6401,5,0.012576074149468213
psi,0.12001239829542137,6401,6,0.6299067486011172
psi,0.12001239829542137,6401,7,0.07084683686005219
psi,0.12001239829542137,6401,8,0.19637703188456057
psi,0.12001239829542137,6401,9,0.012576074149468213
psi,0.12001239829542137,6401,10,0.4911051205523918
psi,0.12001239829542137,6401,11,0.012576074149468213
psi,0.12001239829542137,6401,12,1.2483504764757067
psi,0.12001239829542137,6401,13,0.44300352586677744
psi,0.12001239829542137,6401,14,1.2361870328450861
psi,0.12001239829542137,6401,15,0.24939928548736584
psi,0.12001239829542137,6401,16,0.712499750443922
psi,0.12001239829542137,6401,17,1.0520525102741942
psi,0.12001239829542137,6401,18,0.8537674981409968
psi,0.12001239829542137,6401,19,0.012576074149468213
psi,0.12001239829542137,6401,20,5.8347912565135776
psi,0.12001239829542137,6401,21,0.012576074149468213
psi,0.12001239829542137,6401,22,0.012576074149468213
psi,0.12001239829542137,6401,23,0.012576074149468213
psi,0.12001239829542137,6401,24,0.012576074149468213
psi,0.12001239829542137,6401,25,3.5535895727759086
psi,0.12001239829542137,6465,0,1.1244613498268574
psi,0.12001239829542137,6465,1,1.1244613498268574
psi,0.12001239829542137,6465,2,0.679183075846289
psi,0.12001239829542137,6465,3,1.1552062866716817
psi,0.12001239829542137,6465,4,0.012576074149468213
psi,0.12001239829542137,6465,5,0.012576074149468213
psi,0.12001239829542137,6465,6,0.6299067486011172
psi,0.12001239829542137,6465,7,0.028994048827300188
psi,0.12001239829542137,6465,8,0.23233579433031093
psi,0.12001239829542137,6465,9,0.012576074149468213
psi,0.12001239829542137,6465,10,0.4911051205523918
psi,0.12001239829542137,6465,11,0.012576074149468213
psi,0.12001239829542137,6465,12,1.111857230938594
psi,0.12001239829542137,6465,13,0.5633573313024479
psi,0.12001239829542137,6465,14,1.2729832076161274
psi,0.12001239829542137,6465,15,0.26855252880384706
psi,0.12001239829542137,6465,16,0.6069525216703193
psi,0.12001239829542137,6465,17,1.0843051937815202
psi,0.12001239829542137,6465,18,0.9275600676044401
psi,0.12001239829542137,6465,19,0.012576074149468213
psi,0.12001239829542137,6465,20,5.8347912565135776
psi,0.12001239829542137,6465,21,0.012576074149468213
psi,0.12001239829542137,6465,22,0.012576074149468213
psi,0.12001239829542137,6465,23,0.012576074149468213
psi,0.12001239829542137,6465,24,0.012576074149468213
psi,0.12001239829542137,6465,25,3.591191436411485
psi,0.12001239829542137,6529,0,1.0461751735314344
psi,0.12001239829542137,6529,1,1.0461751735314344
psi,0.12001239829542137,6529,2,0.5808544438701091
psi,0.12001239829542137,6529,3,1.1552062866716817
psi,0.12001239829542137,6529,4,0.012576074149468213
psi,0.12001239829542137,6529,5,0.012576074149468213
psi,0.12001239829542137,6529,6,0.6828406981959605
psi,0.12001239829542137,6529,7,0.021631717902360258
psi,0.12001239829542137,6529,8,0.2764343951642541
psi,0.12001239829542137,6529,9,0.012576074149468213
psi,0.12001239829542137,6529,10,0.4911051205523918
psi,0.12001239829542137,6529,11,0.012576074149468213
psi,0.12001239829542137,6529,12,1.0239713138149658
psi,0.12001239829542137,6529,13,0.4849429736068811
psi,0.12001239829542137,6529,14,1.3385690789238416
psi,0.12001239829542137,6529,15,0.2382111379798026
psi,0.12001239829542137,6529,16,0.48007540196503484
psi,0.12001239829542137,6529,17,0.9924717109838339
psi,0.12001239829542137,6529,18,0.9023174162277262
psi,0.12001239829542137,6529,19,0.012576074149468213
psi,0.12001239829542137,6529,20,5.8347912565135776
psi,0.12001239829542137,6529,21,0.012576074149468213
psi,0.12001239829542137,6529,22,0.012576074149468213
psi,0.12001239829542137,6529,23,0.012576074149468213
psi,0.12001239829542137,6529,24,0.012576074149468213
psi,0.12001239829542137,6529,25,3.5887439043850597
psi,0.12001239829542137,6593,0,0.8727169210247138
psi,0.12001239829542137,6593,1,0.8727169210247138
psi,0.12001239829542137,6593,2,0.43393804169392536
psi,0.12001239829542137,6593,3,1.1552062866716817
psi,0.12001239829542137,6593,4,0.012576074149468213
psi,0.12001239829542137,6593,5,0.012576074149468213
psi,0.12001239829542137,6593,6,0.6299067486011172
psi,0.12001239829542137,6593,7,0.05731695774829945
psi,0.12001239829542137,6593,8,0.16637023203129173
psi,0.12001239829542137,6593,9,0.012576074149468213
psi,0.12001239829542137,6593,10,0.4911051205523918
psi,0.12001239829542137,6593,11,0.012576074149468213
psi,0.12001239829542137,6593,12,0.9290311627964465
psi,0.12001239829542137,6593,13,0.5132569357169331
psi,0.12001239829542137,6593,14,1.0009282523190934
psi,0.12001239829542137,6593,15,0.22785039836224708
psi,0.12001239829542137,6593,16,0.38986312420621955
psi,0.12001239829542137,6593,17,0.7976291465172494
psi,0.12001239829542137,6593,18,0.72950730822503
psi,0.12001239829542137,6593,19,0.012576074149468213
psi,0.12001239829542137,6593,20,5.8347912565135776
psi,0.12001239829542137,6593,21,0.012576074149468213
psi,0.12001239829542137,6593,22,0.012576074149468213
psi,0.12001239829542137,6593,23,0.012576074149468213
psi,0.12001239829542137,6593,24,0.012576074149468213
psi,0.12001239829542137,6593,25,3.570672983150292
psi,0.12001239829542137,6657,0,0.8146395668738368
psi,0.12001239829542137,6657,1,0.8146395668738368
psi,0.12001239829542137,6657,2,0.3824521911348719
psi,0.12001239829542137,6657,3,1.1552062866716817
psi,0.12001239829542137,6657,4,0.012576074149468213
psi,0.12001239829542137,6657,5,0.012576074149468213
psi,0.12001239829542137,6657,6,0.6299067486011172
psi,0.12001239829542137,6657,7,0.053141573575031194
psi,0.12001239829542137,6657,8,0.09217489308934418
psi,0.12001239829542137,6657,9,0.012576074149468213
psi,0.12001239829542137,6657,10,0.4911051205523918
psi,0.12001239829542137,6657,11,0.012576074149468213
psi,0.12001239829542137,6657,12,0.8423483570079808
psi,0.12001239829542137,6657,13,0.6458306915798601
psi,0.12001239829542137,6657,14,0.7986464642529972
psi,0.12001239829542137,6657,15,0.19856656341267034
psi,0.12001239829542137,6657,16,0.36019452055394846
psi,0.12001239829542137,6657,17,0.421291325017367
psi,0.12001239829542137,6657,18,0.4416502926434718
psi,0.12001239829542137,6657,19,0.012576074149468213
psi,0.12001239829542137,6657,20,5.8347912565135776
psi,0.12001239829542137,6657,21,0.012576074149468213
psi,0.12001239829542137,6657,22,0.012576074149468213
psi,0.12001239829542137,6657,23,0.012576074149468213
psi,0.12001239829542137,6657,24,0.012576074149468213
psi,0.12001239829542137,6657,25,3.5593520551664226
psi,0.12001239829542137,6721,0,0.8409592416533493
psi,0.12001239829542137,6721,1,0.8409592416533493
psi,0.12001239829542137,6721,2,0.43253509330126594
psi,0.12001239829542137,6721,3,1.1552062866716817
psi,0.12001239829542137,6721,4,0.012576074149468213
psi,0.12001239829542137,6721,5,0.012576074149468213
psi,0.12001239829542137,6721,6,0.6299067486011172
psi,0.12001239829542137,6721,7,0.03186791330421378
psi,0.12001239829542137,6721,8,0.07051826411288808
psi,0.12001239829542137,6721,9,0.012576074149468213
psi,0.12001239829542137,6721,10,0.4911051205523918
psi,0.12001239829542137,6721,11,0.012576074149468213
psi,0.12001239829542137,6721,12,0.8070508421518796
psi,0.12001239829542137,6721,13,0.5668408507210575
psi,0.12001239829542137,6721,14,0.758761644265378
psi,0.12001239829542137,6721,15,0.15898334015366217
psi,0.12001239829542137,6721,16,0.37963715524408104
psi,0.12001239829542137,6721,17,0.41186773704320745
psi,0.12001239829542137,6721,18,0.44512215393528726
psi,0.12001239829542137,6721,19,0.012576074149468213
psi,0.12001239829542137,6721,20,5.8347912565135776
psi,0.12001239829542137,6721,21,0.012576074149468213
psi,0.12001239829542137,6721,22,0.012576074149468213
psi,0.12001239829542137,6721,23,0.012576074149468213
psi,0.12001239829542137,6721,24,0.012576074149468213
psi,0.12001239829542137,6721,25,3.5626993999334156
psi,0.12001239829542137,6785,0,0.8538470441609527
psi,0.12001239829542137,6785,1,0.8538470441609527
psi,0.12001239829542137,6785,2,0.4268422123880894
psi,0.12001239829542137,6785,3,1.1552062866716817
psi,0.12001239829542137,6785,4,0.012576074149468213
psi,0.12001239829542137,6785,5,0.012576074149468213
psi,0.12001239829542137,6785,6,0.6828406981959605
psi,0.12001239829542137,6785,7,0.015010134522986978
psi,0.12001239829542137,6785,8,0.03239411404841181
psi,0.12001239829542137,6785,9,0.012576074149468213
psi,0.12001239829542137,6785,10,0.4911051205523918
psi,0.12001239829542137,6785,11,0.012576074149468213
psi,0.12001239829542137,6785,12,0.77974265408691
psi,0.12001239829542137,6785,13,0.589808123018772
psi,0.12001239829542137,6785,14,0.685908792840934
psi,0.12001239829542137,6785,15,0.10562540494408207
psi,0.12001239829542137,6785,16,0.3912536433667503
psi,0.12001239829542137,6785,17,0.43315796170944737
psi,0.12001239829542137,6785,18,0.45116741046330766
psi,0.12001239829542137,6785,19,0.012576074149468213
psi,0.12001239829542137,6785,20,5.8347912565135776
psi,0.12001239829542137,6785,21,0.012576074149468213
psi,0.12001239829542137,6785,22,0.012576074149468213
psi,0.12001239829542137,6785,23,0.012576074149468213
psi,0.12001239829542137,6785,24,0.012576074149468213
psi,0.12001239829542137,6785,25,3.595878202541309
psi,0.12001239829542137,6849,0,0.8898581347180364
psi,0.12001239829542137,6849,1,0.8898581347180364
psi,0.12001239829542137,6849,2,0.4997861394093711
psi,0.12001239829542137,6849,3,1.1552062866716817
psi,0.12001239829542137,6849,4,0.012576074149468213
psi,0.12001239829542137,6849,5,0.012576074149468213
psi,0.12001239829542137,6849,6,0.8549139236369672
psi,0.12001239829542137,6849,7,0.013218361454270253
psi,0.12001239829542137,6849,8,0.06431426608819646
psi,0.12001239829542137,6849,9,0.012576074149468213
psi,0.12001239829542137,6849,10,0.4911051205523918
psi,0.12001239829542137,6849,11,0.012576074149468213
psi,0.12001239829542137,6849,12,0.8192693629679395
psi,0.12001239829542137,6849,13,0.3776717066766284
psi,0.12001239829542137,6849,14,0.8197687092313154
psi,0.12001239829542137,6849,15,0.11185485967994876
psi,0.12001239829542137,6849,16,0.34958840843735856
psi,0.12001239829542137,6849,17,0.5645249358751698
psi,0.12001239829542137,6849,18,0.5515005151814304
psi,0.12001239829542137,6849,19,0.012576074149468213
psi,0.12001239829542137,6849,20,5.8347912565135776
psi,0.12001239829542137,6849,21,0.012576074149468213
psi,0.12001239829542137,6849,22,0.012576074149468213
psi,0.12001239829542137,6849,23,0.012576074149468213
psi,0.12001239829542137,6849,24,0.012576074149468213
psi,0.12001239829542137,6849,25,3.6223875715961245
psi,0.12001239829542137,6913,0,1.0694811055052829
psi,0.12001239829542137,6913,1,1.0694811055052829
psi,0.12001239829542137,6913,2,0.733510301412533
psi,0.12001239829542137,6913,3,1.1552062866716817
psi,0.12001239829542137,6913,4,0.012576074149468213
psi,0.12001239829542137,6913,5,0.012576074149468213
psi,0.12001239829542137,6913,6,0.8549139236369672
psi,0.12001239829542137,6913,7,0.08067150646906643
psi,0.12001239829542137,6913,8,0.12967223800155867
psi,0.12001239829542137,6913,9,0.012576074149468213
psi,0.12001239829542137,6913,10,0.4911051205523918
psi,0.12001239829542137,6913,11,0.012576074149468213
psi,0.12001239829542137,6913,12,0.9499499947077805
psi,0.12001239829542137,6913,13,0.4235936274371167
psi,0.12001239829542137,6913,14,1.2036067769304155
psi,0.12001239829542137,6913,15,0.11757227908536935
psi,0.12001239829542137,6913,16,0.34946161993699615
psi,0.12001239829542137,6913,17,0.9152996145632233
psi,0.12001239829542137,6913,18,0.8296672071228828
psi,0.12001239829542137,6913,19,0.012576074149468213
psi,0.12001239829542137,6913,20,5.8347912565135776
psi,0.12001239829542137,6913,21,0.012576074149468213
psi,0.12001239829542137,6913,22,0.012576074149468213
psi,0.12001239829542137,6913,23,0.012576074149468213
psi,0.12001239829542137,6913,24,0.012576074149468213
psi,0.12001239829542137,6913,25,3.571802953921518
psi,0.12001239829542137,6977,0,0.8853654908415949
psi,0.12001239829542137,6977,1,0.8853654908415949
psi,0.12001239829542137,6977,2,0.5530951420893258
psi,0.12001239829542137,6977,3,1.1552062866716817
psi,0.12001239829542137,6977,4,0.012576074149468213
psi,0.12001239829542137,6977,5,0.012576074149468213
psi,0.12001239829542137,6977,6,0.8549139236369672
psi,0.12001239829542137,6977,7,0.18738689245805668
psi,0.12001239829542137,6977,8,0.10053039430678626
psi,0.12001239829542137,6977,9,0.012576074149468213
psi,0.12001239829542137,6977,10,0.4911051205523918
psi,0.12001239829542137,6977,11,0.012576074149468213
psi,0.12001239829542137,6977,12,0.8044867299788816
psi,0.12001239829542137,6977,13,0.4849429736068811
psi,0.12001239829542137,6977,14,0.8612908868050837
psi,0.12001239829542137,6977,15,0.20265922596182423
psi,0.12001239829542137,6977,16,0.35382754511699127
psi,0.12001239829542137,6977,17,0.7870373863828561
psi,0.12001239829542137,6977,18,0.69411441254483
psi,0.12001239829542137,6977,19,0.012576074149468213
psi,0.12001239829542137,6977,20,5.8347912565135776
psi,0.12001239829542137,6977,21,0.012576074149468213
psi,0.12001239829542137,6977,22,0.012576074149468213
psi,0.12001239829542137,6977,23,0.012576074149468213
psi,0.12001239829542137,6977,24,0.012576074149468213
psi,0.12001239829542137,6977,25,3.5602030506248052
psi,0.12001239829542137,7041,0,1.1065584451815913
psi,0.12001239829542137,7041,1,1.1065584451815913
psi,0.12001239829542137,7041,2,0.6480841061244911
psi,0.12001239829542137,7041,3,1.1552062866716817
psi,0.12001239829542137,7041,4,0.012576074149468213
psi,0.12001239829542137,7041,5,0.012576074149468213
psi,0.12001239829542137,7041,6,0.8549139236369672
psi,0.12001239829542137,7041,7,0.5884610901740677
psi,0.12001239829542137,7041,8,0.11922093525838283
psi,0.12001239829542137,7041,9,0.012576074149468213
psi,0.12001239829542137,7041,10,0.4911051205523918
psi,0.12001239829542137,7041,11,0.012576074149468213
psi,0.12001239829542137,7041,12,1.1392873156889312
psi,0.12001239829542137,7041,13,0.8433357848688905
psi,0.12001239829542137,7041,14,0.8937139030996895
psi,0.12001239829542137,7041,15,0.6034442664005968
psi,0.12001239829542137,7041,16,0.5055914819407188
psi,0.12001239829542137,7041,17,0.770447770382785
psi,0.12001239829542137,7041,18,0.7109405681211657
psi,0.12001239829542137,7041,19,0.012576074149468213
psi,0.12001239829542137,7041,20,5.8347912565135776
psi,0.12001239829542137,7041,21,0.012576074149468213
psi,0.12001239829542137,7041,22,0.012576074149468213
psi,0.12001239829542137,7041,23,0.012576074149468213
psi,0.12001239829542137,7041,24,0.012576074149468213
psi,0.12001239829542137,7041,25,3.641033580508544
psi,0.12001239829542137,7105,0,1.3125677746860105
psi,0.12001239829542137,7105,1,1.3125677746860105
psi,0.12001239829542137,7105,2,0.8686653257346465
psi,0.12001239829542137,7105,3,1.1552062866716817
psi,0.12001239829542137,7105,4,0.012576074149468213
psi,0.12001239829542137,7105,5,0.012576074149468213
psi,0.12001239829542137,7105,6,0.8549139236369672
psi,0.12001239829542137,7105,7,1.184121961655746
psi,0.12001239829542137,7105,8,0.11517179953850296
psi,0.12001239829542137,7105,9,0.012576074149468213
psi,0.12001239829542137,7105,10,0.4911051205523918
psi,0.12001239829542137,7105,11,0.012576074149468213
psi,0.12001239829542137,7105,12,1.8470198593489964
psi,0.12001239829542137,7105,13,1.610690148353462
psi,0.12001239829542137,7105,14,0.5905067768541146
psi,0.12001239829542137,7105,15,1.318447494963305
psi,0.12001239829542137,7105,16,1.017548670792069
psi,0.12001239829542137,7105,17,0.9349823735837242
psi,0.12001239829542137,7105,18,0.8042439955650674
psi,0.12001239829542137,7105,19,0.012576074149468213
psi,0.12001239829542137,7105,20,5.8347912565135776
psi,0.12001239829542137,7105,21,0.012576074149468213
psi,0.12001239829542137,7105,22,0.012576074149468213
psi,0.12001239829542137,7105,23,0.012576074149468213
psi,0.12001239829542137,7105,24,0.012576074149468213
psi,0.12001239829542137,7105,25,3.9128368082553098
psi,0.12001239829542137,7169,0,1.3202146154598522
psi,0.12001239829542137,7169,1,1.3202146154598522
psi,0.12001239829542137,7169,2,0.8769110297280239
psi,0.12001239829542137,7169,3,1.1552062866716817
psi,0.12001239829542137,7169,4,0.012576074149468213
psi,0.12001239829542137,7169,5,0.012576074149468213
psi,0.12001239829542137,7169,6,1.0665705728306967
psi,0.12001239829542137,7169,7,0.8244354758250098
psi,0.12001239829542137,7169,8,0.1377228724423767
psi,0.12001239829542137,7169,9,0.012576074149468213
psi,0.12001239829542137,7169,10,0.4911051205523918
psi,0.12001239829542137,7169,11,0.012576074149468213
psi,0.12001239829542137,7169,12,1.725882331774165
psi,0.12001239829542137,7169,13,1.5008199577732428
psi,0.12001239829542137,7169,14,0.5417786215698646
psi,0.12001239829542137,7169,15,1.1372350410662042
psi,0.12001239829542137,7169,16,1.1055465237286164
psi,0.12001239829542137,7169,17,0.9396631696330058
psi,0.12001239829542137,7169,18,0.794933073725017
psi,0.12001239829542137,7169,19,0.012576074149468213
psi,0.12001239829542137,7169,20,5.8347912565135776
psi,0.12001239829542137,7169,21,0.012576074149468213
psi,0.12001239829542137,7169,22,0.012576074149468213
psi,0.12001239829542137,7169,23,0.012576074149468213
psi,0.12001239829542137,7169,24,0.012576074149468213
psi,0.12001239829542137,7169,25,3.8251411385697853
psi,0.12001239829542137,7233,0,1.398464744264986
psi,0.12001239829542137,7233,1,1.398464744264986
psi,0.12001239829542137,7233,2,1.0303606043144138
psi,0.12001239829542137,7233,3,1.1552062866716817
psi,0.12001239829542137,7233,4,0.012576074149468213
psi,0.12001239829542137,7233,5,0.012576074149468213
psi,0.12001239829542137,7233,6,0.8549139236369672
psi,0.12001239829542137,7233,7,1.1331446155943667
psi,0.12001239829542137,7233,8,0.12062565034593363
psi,0.12001239829542137,7233,9,0.012576074149468213
psi,0.12001239829542137,7233,10,0.4911051205523918
psi,0.12001239829542137,7233,11,0.012576074149468213
psi,0.12001239829542137,7233,12,1.9636801648361337
psi,0.12001239829542137,7233,13,1.6316704520070773
psi,0.12001239829542137,7233,14,0.7714979160110811
psi,0.12001239829542137,7233,15,1.245854010479127
psi,0.12001239829542137,7233,16,1.0332317420719386
psi,0.12001239829542137,7233,17,0.7140118897979395
psi,0.12001239829542137,7233,18,0.5984525952471259
psi,0.12001239829542137,7233,19,0.012576074149468213
psi,0.12001239829542137,7233,20,5.8347912565135776
psi,0.12001239829542137,7233,21,0.012576074149468213
psi,0.12001239829542137,7233,22,0.012576074149468213
psi,0.12001239829542137,7233,23,0.012576074149468213
psi,0.12001239829542137,7233,24,0.012576074149468213
psi,0.12001239829542137,7233,25,3.85957826267265
psi,0.12001239829542137,7297,0,1.3296712660593755
psi,0.12001239829542137,7297,1,1.3296712660593755
psi,0.12001239829542137,7297,2,1.1219573044591498
psi,0.12001239829542137,7297,3,1.1552062866716817
psi,0.12001239829542137,7297,4,0.012576074149468213
psi,0.12001239829542137,7297,5,0.012576074149468213
psi,0.12001239829542137,7297,6,0.8549139236369672
psi,0.12001239829542137,7297,7,0.8530100992630423
psi,0.12001239829542137,7297,8,0.10984190662698726
psi,0.12001239829542137,7297,9,0.012576074149468213
psi,0.12001239829542137,7297,10,0.4911051205523918
psi,0.12001239829542137,7297,11,0.012576074149468213
psi,0.12001239829542137,7297,12,1.5507027519223306
psi,0.12001239829542137,7297,13,1.079521748335662
psi,0.12001239829542137,7297,14,0.7693587583173644
psi,0.12001239829542137,7297,15,0.9563588920157284
psi,0.12001239829542137,7297,16,0.8186759266566022
psi,0.12001239829542137,7297,17,0.6037904513431337
psi,0.12001239829542137,7297,18,0.5317931642113478
psi,0.12001239829542137,7297,19,0.012576074149468213
psi,0.12001239829542137,7297,20,5.8347912565135776
psi,0.12001239829542137,7297,21,0.012576074149468213
psi,0.12001239829542137,7297,22,0.012576074149468213
psi,0.12001239829542137,7297,23,0.012576074149468213
psi,0.12001239829542137,7297,24,0.012576074149468213
psi,0.12001239829542137,7297,25,3.722320590950684
psi,0.12001239829542137,7361,0,1.3840420348839502
psi,0.12001239829542137,7361,1,1.3840420348839502
psi,0.12001239829542137,7361,2,1.0779911428910776
psi,0.12001239829542137,7361,3,1.1552062866716817
psi,0.12001239829542137,7361,4,0.012576074149468213
psi,0.12001239829542137,7361,5,0.012576074149468213
psi,0.12001239829542137,7361,6,0.8549139236369672
psi,0.12001239829542137,7361,7,0.6502693842663172
psi,0.12001239829542137,7361,8,0.12967223800155867
psi,0.12001239829542137,7361,9,0.012576074149468213
psi,0.12001239829542137,7361,10,0.4911051205523918
psi,0.12001239829542137,7361,11,0.012576074149468213
psi,0.12001239829542137,7361,12,1.390497901436023
psi,0.12001239829542137,7361,13,0.6423944503208764
psi,0.12001239829542137,7361,14,1.0933367973114407
psi,0.12001239829542137,7361,15,0.6938029611270801
psi,0.12001239829542137,7361,16,0.7797179436693179
psi,0.12001239829542137,7361,17,0.4978716397904922
psi,0.12001239829542137,7361,18,0.4572784975030074
psi,0.12001239829542137,7361,19,0.012576074149468213
psi,0.12001239829542137,7361,20,5.8347912565135776
psi,0.12001239829542137,7361,21,0.012576074149468213
psi,0.12001239829542137,7361,22,0.012576074149468213
psi,0.12001239829542137,7361,23,0.012576074149468213
psi,0.12001239829542137,7361,24,0.012576074149468213
psi,0.12001239829542137,7361,25,3.634578380062233
psi,0.12001239829542137,7425,0,1.2595708617024466
psi,0.12001239829542137,7425,1,1.2595708617024466
psi,0.12001239829542137,7425,2,0.9381279259699378
psi,0.12001239829542137,7425,3,1.1552062866716817
psi,0.12001239829542137,7425,4,0.012576074149468213
psi,0.12001239829542137,7425,5,0.012576074149468213
psi,0.12001239829542137,7425,6,0.8549139236369672
psi,0.12001239829542137,7425,7,1.0033755832298787
psi,0.12001239829542137,7425,8,0.12967223800155867
psi,0.12001239829542137,7425,9,0.012576074149468213
psi,0.12001239829542137,7425,10,0.4911051205523918
psi,0.12001239829542137,7425,11,0.012576074149468213
psi,0.12001239829542137,7425,12,1.4261233888723968
psi,0.12001239829542137,7425,13,0.7948020761686398
psi,0.12001239829542137,7425,14,0.9546301945900193
psi,0.12001239829542137,7425,15,0.9566958140845703
psi,0.12001239829542137,7425,16,0.7084825395692634
psi,0.12001239829542137,7425,17,0.4883500798515797
psi,0.12001239829542137,7425,18,0.5045786545935238
psi,0.12001239829542137,7425,19,0.012576074149468213
psi,0.12001239829542137,7425,20,5.8347912565135776
psi,0.12001239829542137,7425,21,0.012576074149468213
psi,0.12001239829542137,7425,22,0.012576074149468213
psi,0.12001239829542137,7425,23,0.012576074149468213
psi,0.12001239829542137,7425,24,0.012576074149468213
psi,0.12001239829542137,7425,25,3.705261663859024
psi,0.12001239829542137,7489,0,1.3994293007944534
psi,0.12001239829542137,7489,1,1.3994293007944534
psi,0.12001239829542137,7489,2,1.0249691273079538
psi,0.12001239829542137,7489,3,1.1552062866716817
psi,0.12001239829542137,7489,4,0.012576074149468213
psi,0.12001239829542137,7489,5,0.012576074149468213
psi,0.12001239829542137,7489,6,1.0665705728306967
psi,0.12001239829542137,7489,7,0.541035423838728
psi,0.12001239829542137,7489,8,0.1531531313826212
psi,0.12001239829542137,7489,9,0.012576074149468213
psi,0.12001239829542137,7489,10,0.4911051205523918
psi,0.12001239829542137,7489,11,0.012576074149468213
psi,0.12001239829542137,7489,12,1.6000471453123783
psi,0.12001239829542137,7489,13,0.5237361803516822
psi,0.12001239829542137,7489,14,1.0282475008569874
psi,0.12001239829542137,7489,15,0.6388387747688987
psi,0.12001239829542137,7489,16,0.823242615047296
psi,0.12001239829542137,7489,17,0.8595725205872632
psi,0.12001239829542137,7489,18,0.8886728107305123
psi,0.12001239829542137,7489,19,0.012576074149468213
psi,0.12001239829542137,7489,20,5.8347912565135776
psi,0.12001239829542137,7489,21,0.012576074149468213
psi,0.12001239829542137,7489,22,0.012576074149468213
psi,0.12001239829542137,7489,23,0.012576074149468213
psi,0.12001239829542137,7489,24,0.012576074149468213
psi,0.12001239829542137,7489,25,3.5969802128292994
psi,0.12001239829542137,7553,0,1.19298874746225
psi,0.12001239829542137,7553,1,1.19298874746225
psi,0.12001239829542137,7553,2,0.8566457846229912
psi,0.12001239829542137,7553,3,1.1552062866716817
psi,0.12001239829542137,7553,4,0.012576074149468213
psi,0.12001239829542137,7553,5,0.012576074149468213
psi,0.12001239829542137,7553,6,0.8549139236369672
psi,0.12001239829542137,7553,7,0.3028523054649825
psi,0.12001239829542137,7553,8,0.19637703188456057
psi,0.12001239829542137,7553,9,0.012576074149468213
psi,0.12001239829542137,7553,10,0.4911051205523918
psi,0.12001239829542137,7553,11,0.012576074149468213
psi,0.12001239829542137,7553,12,1.421610763692084
psi,0.12001239829542137,7553,13,0.462822260375532
psi,0.12001239829542137,7553,14,1.0734345798878262
psi,0.12001239829542137,7553,15,0.45195638030322766
psi,0.12001239829542137,7553,16,0.677464769730962
psi,0.12001239829542137,7553,17,0.9403461121920815
psi,0.12001239829542137,7553,18,0.8385742726803929
psi,0.12001239829542137,7553,19,0.012576074149468213
psi,0.12001239829542137,7553,20,5.8347912565135776
psi,0.12001239829542137,7553,21,0.012576074149468213
psi,0.12001239829542137,7553,22,0.012576074149468213
psi,0.12001239829542137,7553,23,0.012576074149468213
psi,0.12001239829542137,7553,24,0.012576074149468213
psi,0.12001239829542137,7553,25,3.5767277325203346
psi,0.12001239829542137,7617,0,0.9538770841302799
psi,0.12001239829542137,7617,1,0.9538770841302799
psi,0.12001239829542137,7617,2,0.5768802052883184
psi,0.12001239829542137,7617,3,1.1552062866716817
psi,0.12001239829542137,7617,4,0.012576074149468213
psi,0.12001239829542137,7617,5,0.012576074149468213
psi,0.12001239829542137,7617,6,0.8549139236369672
psi,0.12001239829542137,7617,7,0.061661864812337944
psi,0.12001239829542137,7617,8,0.10053039430678626
psi,0.12001239829542137,7617,9,0.012576074149468213
psi,0.12001239829542137,7617,10,0.4911051205523918
psi,0.12001239829542137,7617,11,0.012576074149468213
psi,0.12001239829542137,7617,12,1.0272439630029877
psi,0.12001239829542137,7617,13,0.5749108214722632
psi,0.12001239829542137,7617,14,0.8612908868050837
psi,0.12001239829542137,7617,15,0.31774968184153735
psi,0.12001239829542137,7617,16,0.5581077856494289
psi,0.12001239829542137,7617,17,0.836060517676753
psi,0.12001239829542137,7617,18,0.7488747273746571
psi,0.12001239829542137,7617,19,0.012576074149468213
psi,0.12001239829542137,7617,20,5.8347912565135776
psi,0.12001239829542137,7617,21,0.012576074149468213
psi,0.12001239829542137,7617,22,0.012576074149468213
psi,0.12001239829542137,7617,23,0.012576074149468213
psi,0.12001239829542137,7617,24,0.012576074149468213
psi,0.12001239829542137,7617,25,3.5455959160445487
psi,0.12001239829542137,7681,0,1.003504045060681
psi,0.12001239829542137,7681,1,1.003504045060681
psi,0.12001239829542137,7681,2,0.6169225275964797
psi,0.12001239829542137,7681,3,1.1552062866716817
psi,0.12001239829542137,7681,4,0.012576074149468213
psi,0.12001239829542137,7681,5,0.012576074149468213
psi,0.12001239829542137,7681,6,0.8549139236369672
psi,0.12001239829542137,7681,7,0.01310855416628242
psi,0.12001239829542137,7681,8,0.07051826411288808
psi,0.12001239829542137,7681,9,0.012576074149468213
psi,0.12001239829542137,7681,10,0.4911051205523918
psi,0.12001239829542137,7681,11,0.012576074149468213
psi,0.12001239829542137,7681,12,0.965066615145872
psi,0.12001239829542137,7681,13,0.7846758010857857
psi,0.12001239829542137,7681,14,0.9671464700282789
psi,0.12001239829542137,7681,15,0.27816363037280073
psi,0.12001239829542137,7681,16,0.5696539203402665
psi,0.12001239829542137,7681,17,1.1940135812819066
psi,0.12001239829542137,7681,18,1.043976268581965
psi,0.12001239829542137,7681,19,0.012576074149468213
psi,0.12001239829542137,7681,20,5.8347912565135776
psi,0.12001239829542137,7681,21,0.012576074149468213
psi,0.12001239829542137,7681,22,0.012576074149468213
psi,0.12001239829542137,7681,23,0.012576074149468213
psi,0.12001239829542137,7681,24,0.012576074149468213
psi,0.12001239829542137,7681,25,3.540599169668933
psi,0.12001239829542137,7745,0,0.8918859686381432
psi,0.12001239829542137,7745,1,0.8918859686381432
psi,0.12001239829542137,7745,2,0.5205373509594201
psi,0.12001239829542137,7745,3,1.1552062866716817
psi,0.12001239829542137,7745,4,0.012576074149468213
psi,0.12001239829542137,7745,5,0.012576074149468213
psi,0.12001239829542137,7745,6,0.8549139236369672
psi,0.12001239829542137,7745,7,0.013885921461065036
psi,0.12001239829542137,7745,8,0.07720755342575503
psi,0.12001239829542137,7745,9,0.012576074149468213
psi,0.12001239829542137,7745,10,0.4911051205523918
psi,0.12001239829542137,7745,11,0.012576074149468213
psi,0.12001239829542137,7745,12,0.8501063907958823
psi,0.12001239829542137,7745,13,0.8134164571290841
psi,0.12001239829542137,7745,14,0.9786845803728245
psi,0.12001239829542137,7745,15,0.3043507430671232
psi,0.12001239829542137,7745,16,0.41272856232443916
psi,0.12001239829542137,7745,17,1.0309366494383525
psi,0.12001239829542137,7745,18,0.8831932965488023
psi,0.12001239829542137,7745,19,0.012576074149468213
psi,0.12001239829542137,7745,20,5.8347912565135776
psi,0.12001239829542137,7745,21,0.012576074149468213
psi,0.12001239829542137,7745,22,0.012576074149468213
psi,0.12001239829542137,7745,23,0.012576074149468213
psi,0.12001239829542137,7745,24,0.012576074149468213
psi,0.12001239829542137,7745,25,3.567032034265736
psi,0.12001239829542137,7809,0,1.0223026053546653
psi,0.12001239829542137,7809,1,1.0223026053546653
psi,0.12001239829542137,7809,2,0.6152247214369058
psi,0.12001239829542137,7809,3,1.1552062866716817
psi,0.12001239829542137,7809,4,0.012576074149468213
psi,0.12001239829542137,7809,5,0.012576074149468213
psi,0.12001239829542137,7809,6,0.8549139236369672
psi,0.12001239829542137,7809,7,0.04531402518679008
psi,0.12001239829542137,7809,8,0.08441433019723726
psi,0.12001239829542137,7809,9,0.012576074149468213
psi,0.12001239829542137,7809,10,0.4911051205523918
psi,0.12001239829542137,7809,11,0.012576074149468213
psi,0.12001239829542137,7809,12,0.9763101654926447
psi,0.12001239829542137,7809,13,0.9380301816348269
psi,0.12001239829542137,7809,14,0.9908028892900073
psi,0.12001239829542137,7809,15,0.32021233982514374
psi,0.12001239829542137,7809,16,0.490235810445183
psi,0.12001239829542137,7809,17,0.8276460683784057
psi,0.12001239829542137,7809,18,0.7046338495800493
psi,0.12001239829542137,7809,19,0.012576074149468213
psi,0.12001239829542137,7809,20,5.8347912565135776
psi,0.12001239829542137,7809,21,0.012576074149468213
psi,0.12001239829542137,7809,22,0.012576074149468213
psi,0.12001239829542137,7809,23,0.012576074149468213
psi,0.12001239829542137,7809,24,0.012576074149468213
psi,0.12001239829542137,7809,25,3.54531724477157
psi,0.12001239829542137,7873,0,0.9750387582287849
psi,0.12001239829542137,7873,1,0.9750387582287849
psi,0.12001239829542137,7873,2,0.6414220877177021
psi,0.12001239829542137,7873,3,1.1552062866716817
psi,0.12001239829542137,7873,4,0.012576074149468213
psi,0.12001239829542137,7873,5,0.012576074149468213
psi,0.12001239829542137,7873,6,0.7523135772265934
psi,0.12001239829542137,7873,7,0.07568066242044813
psi,0.12001239829542137,7873,8,0.1409544240154388
psi,0.12001239829542137,7873,9,0.012576074149468213
psi,0.12001239829542137,7873,10,0.4911051205523918
psi,0.12001239829542137,7873,11,0.012576074149468213
psi,0.12001239829542137,7873,12,0.8028236778484896
psi,0.12001239829542137,7873,13,0.8232104203241073
psi,0.12001239829542137,7873,14,0.9357248838765758
psi,0.12001239829542137,7873,15,0.16187540211369816
psi,0.12001239829542137,7873,16,0.3641253992486578
psi,0.12001239829542137,7873,17,0.9016318791468642
psi,0.12001239829542137,7873,18,0.7709960107867844
psi,0.12001239829542137,7873,19,0.012576074149468213
psi,0.12001239829542137,7873,20,5.8347912565135776
psi,0.12001239829542137,7873,21,0.012576074149468213
psi,0.12001239829542137,7873,22,0.012576074149468213
psi,0.12001239829542137,7873,23,0.012576074149468213
psi,0.12001239829542137,7873,24,0.012576074149468213
psi,0.12001239829542137,7873,25,3.5721271922609703
psi,0.12001239829542137,7937,0,0.8588423576568004
psi,0.12001239829542137,7937,1,0.8588423576568004
psi,0.12001239829542137,7937,2,0.45644991560377
psi,0.12001239829542137,7937,3,1.1552062866716817
psi,0.12001239829542137,7937,4,0.012576074149468213
psi,0.12001239829542137,7937,5,0.012576074149468213
psi,0.12001239829542137,7937,6,0.7523135772265934
psi,0.12001239829542137,7937,7,0.08581665975044905
psi,0.12001239829542137,7937,8,0.2764343951642541
psi,0.12001239829542137,7937,9,0.012576074149468213
psi,0.12001239829542137,7937,10,0.4911051205523918
psi,0.12001239829542137,7937,11,0.012576074149468213
psi,0.12001239829542137,7937,12,0.8511677462411114
psi,0.12001239829542137,7937,13,0.8331113230025375
psi,0.12001239829542137,7937,14,1.0984040582515522
psi,0.12001239829542137,7937,15,0.16812904528393072
psi,0.12001239829542137,7937,16,0.2924359871857765
psi,0.12001239829542137,7937,17,0.8515797907381298
psi,0.12001239829542137,7937,18,0.7446506487078355
psi,0.12001239829542137,7937,19,0.012576074149468213
psi,0.12001239829542137,7937,20,5.8347912565135776
psi,0.12001239829542137,7937,21,0.012576074149468213
psi,0.12001239829542137,7937,22,0.012576074149468213
psi,0.12001239829542137,7937,23,0.012576074149468213
psi,0.12001239829542137,7937,24,0.012576074149468213
psi,0.12001239829542137,7937,25,3.547360909800972
psi,0.12001239829542137,8001,0,0.9759285090683965
psi,0.12001239829542137,8001,1,0.9759285090683965
psi,0.12001239829542137,8001,2,0.5482240765569468
psi,0.12001239829542137,8001,3,1.1552062866716817
psi,0.12001239829542137,8001,4,0.012576074149468213
psi,0.12001239829542137,8001,5,0.012576074149468213
psi,0.12001239829542137,8001,6,0.7523135772265934
psi,0.12001239829542137,8001,7,0.1800457030801622
psi,0.12001239829542137,8001,8,0.1531531313826212
psi,0.12001239829542137,8001,9,0.012576074149468213
psi,0.12001239829542137,8001,10,0.4911051205523918
psi,0.12001239829542137,8001,11,0.012576074149468213
psi,0.12001239829542137,8001,12,1.0382813539546676
psi,0.12001239829542137,8001,13,0.9603142539479246
psi,0.12001239829542137,8001,14,0.8775269862383708
psi,0.12001239829542137,8001,15,0.2566135960479236
psi,0.12001239829542137,8001,16,0.4146219911047841
psi,0.12001239829542137,8001,17,0.8343774254836513
psi,0.12001239829542137,8001,18,0.7616360956520454
psi,0.12001239829542137,8001,19,0.012576074149468213
psi,0.12001239829542137,8001,20,5.8347912565135776
psi,0.12001239829542137,8001,21,0.012576074149468213
psi,0.12001239829542137,8001,22,0.012576074149468213
psi,0.12001239829542137,8001,23,0.012576074149468213
psi,0.12001239829542137,8001,24,0.012576074149468213
psi,0.12001239829542137,8001,25,3.5420756237617543
psi,0.12001239829542137,8065,0,0.7943119582388929
psi,0.12001239829542137,8065,1,0.7943119582388929
psi,0.12001239829542137,8065,2,0.40869354611159303
psi,0.12001239829542137,8065,3,1.1552062866716817
psi,0.12001239829542137,8065,4,0.012576074149468213
psi,0.12001239829542137,8065,5,0.012576074149468213
psi,0.12001239829542137,8065,6,0.7523135772265934
psi,0.12001239829542137,8065,7,0.08581665975044905
psi,0.12001239829542137,8065,8,0.12967223800155867
psi,0.12001239829542137,8065,9,0.012576074149468213
psi,0.12001239829542137,8065,10,0.4911051205523918
psi,0.12001239829542137,8065,11,0.012576074149468213
psi,0.12001239829542137,8065,12,0.7182636443620956
psi,0.12001239829542137,8065,13,0.7389133232296573
psi,0.12001239829542137,8065,14,0.8325465651814599
psi,0.12001239829542137,8065,15,0.10727218580655579
psi,0.12001239829542137,8065,16,0.28675890492299033
psi,0.12001239829542137,8065,17,0.8699187397729946
psi,0.12001239829542137,8065,18,0.8002600331426399
psi,0.12001239829542137,8065,19,0.012576074149468213
psi,0.12001239829542137,8065,20,5.8347912565135776
psi,0.12001239829542137,8065,21,0.012576074149468213
psi,0.12001239829542137,8065,22,0.012576074149468213
psi,0.12001239829542137,8065,23,0.012576074149468213
psi,0.12001239829542137,8065,24,0.012576074149468213
psi,0.12001239829542137,8065,25,3.534778514117253
psi,0.12001239829542137,8129,0,0.8424281590781515
psi,0.12001239829542137,8129,1,0.8424281590781515
psi,0.12001239829542137,8129,2,0.4755959271807749
psi,0.12001239829542137,8129,3,1.1552062866716817
psi,0.12001239829542137,8129,4,0.012576074149468213
psi,0.12001239829542137,8129,5,0.012576074149468213
psi,0.12001239829542137,8129,6,0.8549139236369672
psi,0.12001239829542137,8129,7,0.09111355800428073
psi,0.12001239829542137,8129,8,0.10053039430678626
psi,0.12001239829542137,8129,9,0.012576074149468213
psi,0.12001239829542137,8129,10,0.4911051205523918
psi,0.12001239829542137,8129,11,0.012576074149468213
psi,0.12001239829542137,8129,12,0.7912640723474684
psi,0.12001239829542137,8129,13,0.6458306915798601
psi,0.12001239829542137,8129,14,0.8647803473538797
psi,0.12001239829542137,8129,15,0.190839906283585
psi,0.12001239829542137,8129,16,0.30159897023195775
psi,0.12001239829542137,8129,17,0.5160551448150685
psi,0.12001239829542137,8129,18,0.46462490605484075
psi,0.12001239829542137,8129,19,0.012576074149468213
psi,0.12001239829542137,8129,20,5.8347912565135776
psi,0.12001239829542137,8129,21,0.012576074149468213
psi,0.12001239829542137,8129,22,0.012576074149468213
psi,0.12001239829542137,8129,23,0.012576074149468213
psi,0.12001239829542137,8129,24,0.012576074149468213
psi,0.12001239829542137,8129,25,3.5404665599963727
psi,0.12001239829542137,8193,0,0.8687467135698081
psi,0.12001239829542137,8193,1,0.8687467135698081
psi,0.12001239829542137,8193,2,0.6822835928380365
psi,0.12001239829542137,8193,3,1.1552062866716817
psi,0.12001239829542137,8193,4,0.012576074149468213
psi,0.12001239829542137,8193,5,0.012576074149468213
psi,0.12001239829542137,8193,6,0.6828406981959605
psi,0.12001239829542137,8193,7,0.12595409076278247
psi,0.12001239829542137,8193,8,0.0178901412405921
psi,0.12001239829542137,8193,9,0.012576074149468213
psi,0.12001239829542137,8193,10,0.4911051205523918
psi,0.12001239829542137,8193,11,0.012576074149468213
psi,0.12001239829542137,8193,12,0.813212945923043
psi,0.12001239829542137,8193,13,0.5615984949896
psi,0.12001239829542137,8193,14,0.47658517038109427
psi,0.12001239829542137,8193,15,0.16812904528393072
psi,0.12001239829542137,8193,16,0.24474608757144564
psi,0.12001239829542137,8193,17,0.463356080482285
psi,0.12001239829542137,8193,18,0.4178904430960797
psi,0.12001239829542137,8193,19,0.012576074149468213
psi,0.12001239829542137,8193,20,5.8347912565135776
psi,0.12001239829542137,8193,21,0.012576074149468213
psi,0.12001239829542137,8193,22,0.012576074149468213
psi,0.12001239829542137,8193,23,0.012576074149468213
psi,0.12001239829542137,8193,24,0.012576074149468213
psi,0.12001239829542137,8193,25,3.5518955678404294
psi,0.12001239829542137,8257,0,0.5507003791460625
psi,0.12001239829542137,8257,1,0.5507003791460625
psi,0.12001239829542137,8257,2,0.3418401683336476
psi,0.12001239829542137,8257,3,1.1552062866716817
psi,0.12001239829542137,8257,4,0.012576074149468213
psi,0.12001239829542137,8257,5,0.012576074149468213
psi,0.12001239829542137,8257,6,0.5198273345116127
psi,0.12001239829542137,8257,7,0.12595409076278247
psi,0.12001239829542137,8257,8,0.014219774578228313
psi,0.12001239829542137,8257,9,0.012576074149468213
psi,0.12001239829542137,8257,10,0.4911051205523918
psi,0.12001239829542137,8257,11,0.012576074149468213
psi,0.12001239829542137,8257,12,0.5644948243975305
psi,0.12001239829542137,8257,13,0.3034086550302669
psi,0.12001239829542137,8257,14,0.3830351503675672
psi,0.12001239829542137,8257,15,0.11571836593288556
psi,0.12001239829542137,8257,16,0.1809358225329375
psi,0.12001239829542137,8257,17,0.382435981408583
psi,0.12001239829542137,8257,18,0.34515040867148417
psi,0.12001239829542137,8257,19,0.012576074149468213
psi,0.12001239829542137,8257,20,5.8347912565135776
psi,0.12001239829542137,8257,21,0.012576074149468213
psi,0.12001239829542137,8257,22,0.012576074149468213
psi,0.12001239829542137,8257,23,0.012576074149468213
psi,0.12001239829542137,8257,24,0.012576074149468213
psi,0.12001239829542137,8257,25,3.544407057616193
psi,0.12001239829542137,8321,0,0.669243383081648
psi,0.12001239829542137,8321,1,0.669243383081648
psi,0.12001239829542137,8321,2,0.35513405792046365
psi,0.12001239829542137,8321,3,1.1552062866716817
psi,0.12001239829542137,8321,4,0.012576074149468213
psi,0.12001239829542137,8321,5,0.012576074149468213
psi,0.12001239829542137,8321,6,0.5509463749578017
psi,0.12001239829542137,8321,7,0.18738689245805668
psi,0.12001239829542137,8321,8,0.012981158438979606
psi,0.12001239829542137,8321,9,0.012576074149468213
psi,0.12001239829542137,8321,10,0.4911051205523918
psi,0.12001239829542137,8321,11,0.012576074149468213
psi,0.12001239829542137,8321,12,0.7727553018226523
psi,0.12001239829542137,8321,13,0.37085224545530476
psi,0.12001239829542137,8321,14,0.3035061698315312
psi,0.12001239829542137,8321,15,0.18600020446083726
psi,0.12001239829542137,8321,16,0.3344868790981401
psi,0.12001239829542137,8321,17,0.41742263142187486
psi,0.12001239829542137,8321,18,0.37929693455355884
psi,0.12001239829542137,8321,19,0.012576074149468213
psi,0.12001239829542137,8321,20,5.8347912565135776
psi,0.12001239829542137,8321,21,0.012576074149468213
psi,0.12001239829542137,8321,22,0.012576074149468213
psi,0.12001239829542137,8321,23,0.012576074149468213
psi,0.12001239829542137,8321,24,0.012576074149468213
psi,0.12001239829542137,8321,25,3.5745168805144854
psi,0.12001239829542137,8385,0,0.9870016506385042
psi,0.12001239829542137,8385,1,0.9870016506385042
psi,0.12001239829542137,8385,2,0.5061583729272503
psi,0.12001239829542137,8385,3,1.1552062866716817
psi,0.12001239829542137,8385,4,0.012576074149468213
psi,0.12001239829542137,8385,5,0.012576074149468213
psi,0.12001239829542137,8385,6,0.3354471181323636
psi,0.12001239829542137,8385,7,0.16574210461819772
psi,0.12001239829542137,8385,8,0.01266351881320294
psi,0.12001239829542137,8385,9,0.012576074149468213
psi,0.12001239829542137,8385,10,0.4911051205523918
psi,0.12001239829542137,8385,11,0.012576074149468213
psi,0.12001239829542137,8385,12,1.2027324364270273
psi,0.12001239829542137,8385,13,0.37085224545530476
psi,0.12001239829542137,8385,14,0.4431103014542103
psi,0.12001239829542137,8385,15,0.20039993091941982
psi,0.12001239829542137,8385,16,0.7747072690682809
psi,0.12001239829542137,8385,17,0.7664563327914915
psi,0.12001239829542137,8385,18,0.6610987701392721
psi,0.12001239829542137,8385,19,0.012576074149468213
psi,0.12001239829542137,8385,20,5.8347912565135776
psi,0.12001239829542137,8385,21,0.012576074149468213
psi,0.12001239829542137,8385,22,0.012576074149468213
psi,0.12001239829542137,8385,23,0.012576074149468213
psi,0.12001239829542137,8385,24,0.012576074149468213
psi,0.12001239829542137,8385,25,3.5741615705232457
